"Time (s)","Acceleration x (m/s^2)","Acceleration y (m/s^2)","Acceleration z (m/s^2)","Absolute acceleration (m/s^2)"
7.183624999E-3,-1.250649261E0,7.710915070E0,5.940396881E0,9.813798953E0
1.719162500E-2,-1.100062408E0,7.661068726E0,5.958359528E0,9.767505290E0
2.719962500E-2,-9.892927551E-1,7.638465729E0,5.908662872E0,9.707582386E0
3.720662500E-2,-9.952803040E-1,7.578290863E0,5.849685516E0,9.624962126E0
4.721462500E-2,-9.470805359E-1,7.496261444E0,5.889203339E0,9.579854547E0
5.722262500E-2,-8.375083923E-1,7.403454437E0,5.904920654E0,9.506873610E0
6.722962500E-2,-7.961943054E-1,7.342231750E0,6.061794434E0,9.554456772E0
7.723762500E-2,-7.396119690E-1,7.252717896E0,6.419999542E0,9.714182254E0
8.724562500E-2,-6.866221619E-1,7.183711395E0,6.556515656E0,9.750131124E0
9.725262500E-2,-6.454577637E-1,7.062463531E0,6.471043396E0,9.600490065E0
1.072606250E-1,-5.683680725E-1,6.969656525E0,6.449488220E0,9.512888764E0
1.172686250E-1,-4.682263184E-1,6.939120026E0,6.503525848E0,9.521894301E0
1.272756250E-1,-4.147874451E-1,6.990313568E0,6.608906708E0,9.628820295E0
1.372836250E-1,-4.450245667E-1,7.031328278E0,6.633455658E0,9.676794830E0
1.472916250E-1,-4.721182251E-1,7.101532288E0,6.669680328E0,9.753937263E0
1.572986250E-1,-5.542973328E-1,7.125183105E0,6.697223053E0,9.794298160E0
1.673066250E-1,-6.366261292E-1,7.116351471E0,6.770121460E0,9.842880456E0
1.773146250E-1,-6.785389709E-1,7.123087463E0,6.766528931E0,9.848081230E0
1.873216250E-1,-6.571334839E-1,7.191495209E0,6.703060913E0,9.852941356E0
1.973296250E-1,-6.887178040E-1,7.299869843E0,6.624174957E0,9.881403028E0
2.073376250E-1,-7.220983887E-1,7.302115173E0,6.519692230E0,9.815737306E0
2.173446250E-1,-6.906637573E-1,7.324119415E0,6.462660828E0,9.792125745E0
2.273526250E-1,-6.433621216E-1,7.289990387E0,6.416257324E0,9.732740247E0
2.373606250E-1,-5.405259705E-1,7.246580658E0,6.481820984E0,9.737510094E0
2.473676250E-1,-5.501060486E-1,7.192692719E0,6.589896240E0,9.770577141E0
2.573756250E-1,-4.984634399E-1,7.108867035E0,6.480324097E0,9.632188574E0
2.673836250E-1,-4.451742554E-1,7.183861084E0,6.434968414E0,9.654784238E0
2.773906250E-1,-4.903802490E-1,7.328161011E0,6.536457367E0,9.831972920E0
2.873986250E-1,-4.466711426E-1,7.304959259E0,6.551126862E0,9.822383012E0
2.974066250E-1,-3.528163147E-1,7.178621979E0,6.522236938E0,9.705496770E0
3.074136250E-1,-2.191442871E-1,7.130122833E0,6.526727600E0,9.668756332E0
3.174216250E-1,-1.619631958E-1,7.154222717E0,6.575077057E0,9.718064266E0
3.274296250E-1,-2.019300842E-1,7.139104156E0,6.669680328E0,9.772012055E0
3.374366250E-1,-2.493814087E-1,7.084467773E0,6.796017609E0,9.820271384E0
3.474446250E-1,-2.034269714E-1,6.971003723E0,6.954238586E0,9.848741532E0
3.574526250E-1,-1.047821045E-1,6.855144653E0,7.173382874E0,9.922772262E0
3.674596250E-1,5.987548828E-3,6.819069672E0,7.321425018E0,1.000514924E1
3.774676250E-1,9.280700684E-2,6.902745667E0,7.389832764E0,1.011267221E1
3.874756250E-1,2.016307068E-1,6.995552673E0,7.189549255E0,1.003334593E1
3.974826250E-1,1.300794983E-1,6.981781311E0,6.734794922E0,9.701528415E0
4.074906250E-1,-3.323089600E-2,6.918313293E0,6.700965271E0,9.631567821E0
4.174986250E-1,4.894821167E-2,6.948999481E0,6.875202942E0,9.775449105E0
4.275056250E-1,1.462458801E-1,7.015161896E0,6.951095123E0,9.876821741E0
4.375136250E-1,9.624984741E-2,6.856042786E0,6.870712280E0,9.706764340E0
4.475216250E-1,3.532653809E-2,6.667884064E0,6.860683136E0,9.567178212E0
4.575286250E-1,8.711883545E-2,6.683451691E0,6.944359131E0,9.638477055E0
4.675366250E-1,2.173480225E-1,6.880741425E0,7.022945709E0,9.834307762E0
4.775446250E-1,2.600093079E-1,6.970704346E0,6.946903839E0,9.844683685E0
4.875516250E-1,1.041833496E-1,6.913822632E0,6.887327728E0,9.759461091E0
4.975596250E-1,5.029541016E-2,6.894961853E0,6.955585785E0,9.794039115E0
5.075676250E-1,1.856140137E-1,6.884333954E0,7.032226410E0,9.842800152E0
5.175746250E-1,2.392025757E-1,6.822213135E0,7.080575867E0,9.835362959E0
5.275826250E-1,1.974394226E-1,6.748715973E0,7.054829407E0,9.764976578E0
5.375906250E-1,2.020797729E-1,6.703360291E0,7.021149445E0,9.709398279E0
5.475976250E-1,2.248324585E-1,6.697372742E0,7.002138977E0,9.692022572E0
5.576056250E-1,1.420545959E-1,6.714736633E0,6.947801971E0,9.663323434E0
5.676136250E-1,1.392105103E-1,6.791227570E0,6.916217651E0,9.694030022E0
5.776206250E-1,2.197430420E-1,6.884783020E0,6.889722748E0,9.742525534E0
5.876286250E-1,2.116598511E-1,6.918912048E0,6.818021851E0,9.716046819E0
5.976366250E-1,1.916015625E-1,6.914571075E0,6.785689087E0,9.689870004E0
6.076436250E-1,1.453477478E-1,6.914421387E0,6.813231812E0,9.708268476E0
6.176516250E-1,9.325607300E-2,6.864275665E0,6.890321503E0,9.726433443E0
6.276596250E-1,9.385482788E-2,6.828200684E0,6.974446564E0,9.760944533E0
6.376666250E-1,5.673202515E-2,6.757996674E0,7.017706604E0,9.742789310E0
6.476746250E-1,4.281097412E-2,6.751859436E0,7.058272247E0,9.767734934E0
6.576826250E-1,9.116043091E-2,6.806046753E0,7.079827423E0,9.821127174E0
6.676896250E-1,1.237925720E-1,6.838229828E0,7.073241119E0,9.839077788E0
6.776976250E-1,1.505868530E-1,6.857689362E0,7.039561157E0,9.828835184E0
6.877056250E-1,1.622625732E-1,6.921606445E0,7.032974854E0,9.869027319E0
6.977126250E-1,1.716929626E-1,6.927893372E0,6.995402985E0,9.846869957E0
7.077206250E-1,1.736389160E-1,6.902446289E0,7.017407227E0,9.844689910E0
7.177286250E-1,1.499880981E-1,6.857240295E0,7.056625671E0,9.840742186E0
7.277356250E-1,1.137634277E-1,6.821464691E0,7.074738007E0,9.828389518E0
7.377436250E-1,1.505868530E-1,6.824009399E0,7.027885437E0,9.796987006E0
7.477516250E-1,1.667532349E-1,6.796466675E0,6.924899597E0,9.704328948E0
7.577586250E-1,1.621128845E-1,6.778204651E0,6.846163330E0,9.635366688E0
7.677666250E-1,1.657054138E-1,6.767876129E0,6.803502045E0,9.597877143E0
7.777746250E-1,1.683998108E-1,6.772067413E0,6.787185974E0,9.589324741E0
7.877816250E-1,1.666035461E-1,6.805597687E0,6.835984497E0,9.647517850E0
7.977896250E-1,1.597178650E-1,6.822362823E0,6.885082397E0,9.694044765E0
8.077976250E-1,1.348695374E-1,6.818470917E0,6.871909790E0,9.681574231E0
8.178046250E-1,1.396595764E-1,6.823710022E0,6.839876404E0,9.662630723E0
8.278126250E-1,1.561253357E-1,6.862180023E0,6.832092590E0,9.684594930E0
8.378206250E-1,1.422042847E-1,6.851252747E0,6.887477417E0,9.715823765E0
8.478276250E-1,1.396595764E-1,6.821165314E0,6.979086914E0,9.759890122E0
8.578356250E-1,1.913021851E-1,6.793023834E0,6.990762634E0,9.749488784E0
8.678436250E-1,2.082170105E-1,6.813531189E0,6.979685669E0,9.756206928E0
8.778512500E-1,1.956431580E-1,6.855144653E0,6.997498627E0,9.797768700E0
8.878582500E-1,1.755848694E-1,6.879244537E0,6.987619171E0,9.807224742E0
8.978662500E-1,1.556762695E-1,6.903494110E0,6.954088898E0,9.800092776E0
9.078742500E-1,1.227447510E-1,6.932084656E0,6.948550415E0,9.815865566E0
9.178812500E-1,1.056802368E-1,6.972350922E0,6.951244812E0,9.846047437E0
9.278892500E-1,9.026229858E-2,6.964716797E0,6.919660492E0,9.818203943E0
9.378972500E-1,1.222956848E-1,6.928342438E0,6.819518738E0,9.722279619E0
9.479042500E-1,2.267784119E-1,6.874005432E0,6.735393677E0,9.626469088E0
9.579122500E-1,2.603086853E-1,6.854396210E0,6.768025818E0,9.636217177E0
9.679202500E-1,1.913021851E-1,6.821015625E0,6.802005157E0,9.634839119E0
9.779272500E-1,1.678010559E-1,6.765181732E0,6.816225586E0,9.605038902E0
9.879352500E-1,1.495390320E-1,6.723119202E0,6.825057220E0,9.581445600E0
9.979432500E-1,1.387614441E-1,6.731202393E0,6.813082123E0,9.578435593E0
1.007950250E0,2.300715637E-1,6.788533173E0,6.842870178E0,9.641679721E0
1.017958250E0,2.932402039E-1,6.824757843E0,6.925797729E0,9.727794386E0
1.027966250E0,3.715274048E-1,6.874454498E0,6.964716797E0,9.793030038E0
1.037973250E0,4.354444885E-1,6.936425629E0,7.000642090E0,9.864715002E0
1.047981250E0,4.584965515E-1,6.998247070E0,7.062313843E0,9.952987389E0
1.057989250E0,4.508624268E-1,7.013066254E0,7.074738007E0,9.971875103E0
1.067996250E0,3.900888062E-1,6.981182556E0,7.035968628E0,9.919371638E0
1.078004250E0,2.538720703E-1,6.920408936E0,7.036567383E0,9.872679038E0
1.088012250E0,1.444496155E-1,6.844666443E0,7.044949951E0,9.823525040E0
1.098019250E0,7.349716187E-2,6.783892822E0,7.090305634E0,9.813207306E0
1.108027250E0,7.379653931E-2,6.721622314E0,7.088958435E0,9.769287802E0
1.118035250E0,9.610015869E-2,6.718628540E0,7.095245361E0,9.771986054E0
1.128042250E0,9.325607300E-2,6.705605621E0,7.086264038E0,9.756484073E0
1.138050250E0,5.763015747E-2,6.675518188E0,7.062014465E0,9.717917093E0
1.148058250E0,-4.041595459E-3,6.640191650E0,7.013365631E0,9.658129165E0
1.158065250E0,-2.993774414E-4,6.708000641E0,6.981332245E0,9.681749460E0
1.168073250E0,1.204994202E-1,6.815177765E0,6.973698120E0,9.751596461E0
1.178081250E0,1.820214844E-1,6.865922241E0,6.958429871E0,9.777206467E0
1.188089250E0,1.829196167E-1,6.905889130E0,6.957980804E0,9.805012041E0
1.198096250E0,1.860630798E-1,6.930737457E0,6.964267731E0,9.827042597E0
1.208104250E0,2.351609802E-1,6.923103333E0,6.973698120E0,9.829401096E0
1.218112250E0,2.353106689E-1,6.875951385E0,6.931785278E0,9.766459221E0
1.228119250E0,2.435435486E-1,6.871610413E0,6.880591736E0,9.727326753E0
1.238127250E0,2.306703186E-1,6.901997223E0,6.834637299E0,9.716122759E0
1.248135250E0,2.565664673E-1,6.933581543E0,6.829996948E0,9.735976462E0
1.258142250E0,2.426454163E-1,6.915918274E0,6.851851501E0,9.738412158E0
1.268150250E0,1.395098877E-1,6.820416870E0,6.831793213E0,9.654581700E0
1.278158250E0,5.703140259E-2,6.741231537E0,6.854994965E0,9.614489647E0
1.288165250E0,6.167175293E-2,6.732998657E0,6.924600220E0,9.658527969E0
1.298173250E0,1.350192261E-1,6.815327454E0,6.999294891E0,9.770212253E0
1.308181250E0,1.799258423E-1,6.859335938E0,7.045399017E0,9.834658618E0
1.318188250E0,1.836680603E-1,6.858138428E0,7.014563141E0,9.811824127E0
1.328196250E0,1.820214844E-1,6.867568817E0,6.973548431E0,9.789127183E0
1.338204250E0,1.800755310E-1,6.868167572E0,6.961273956E0,9.780771344E0
1.348211250E0,1.695973206E-1,6.865922241E0,6.988517303E0,9.798419545E0
1.358219250E0,1.419049072E-1,6.849306793E0,6.962621155E0,9.767867418E0
1.368227250E0,1.288819885E-1,6.819818115E0,6.920408936E0,9.716922842E0
1.378234250E0,1.416055298E-1,6.825655975E0,6.904392242E0,9.709802462E0
1.388242250E0,2.020797729E-1,6.818021851E0,6.878795471E0,9.687315692E0
1.398250250E0,2.097138977E-1,6.817273407E0,6.860383759E0,9.673885566E0
1.408258250E0,1.935475159E-1,6.832990723E0,6.871161346E0,9.692269141E0
1.418265250E0,1.655557251E-1,6.864425354E0,6.863676910E0,9.708645882E0
1.428273250E0,1.609153748E-1,6.901248779E0,6.874454498E0,9.742240662E0
1.438281250E0,1.628613281E-1,6.916966095E0,6.880442047E0,9.757634269E0
1.448288250E0,1.413061523E-1,6.906787262E0,6.922504578E0,9.779813257E0
1.458296250E0,1.019380188E-1,6.892866211E0,6.930288391E0,9.775013716E0
1.468304250E0,1.119671631E-1,6.888225861E0,6.925648041E0,9.768561457E0
1.478311250E0,1.257385254E-1,6.889423370E0,6.920259247E0,9.765754072E0
1.488319250E0,1.573228455E-1,6.914122009E0,6.939868469E0,9.797530710E0
1.498327250E0,1.529818726E-1,6.932084656E0,6.945856018E0,9.814383167E0
1.508334250E0,1.282832336E-1,6.898404694E0,6.981332245E0,9.815469618E0
1.518342250E0,1.236428833E-1,6.872209167E0,7.009174347E0,9.816876867E0
1.528350250E0,1.655557251E-1,6.894063721E0,7.006330261E0,9.830777539E0
1.538357250E0,2.008822632E-1,6.912325745E0,6.972201233E0,9.819989354E0
1.548365250E0,1.980381775E-1,6.902296600E0,6.906188507E0,9.766081977E0
1.558373250E0,1.829196167E-1,6.840325470E0,6.863227844E0,9.691615374E0
1.568380250E0,1.844165039E-1,6.828949127E0,6.803801422E0,9.641590606E0
1.578388250E0,2.037263489E-1,6.841373291E0,6.776707764E0,9.631700839E0
1.588396250E0,2.022294617E-1,6.853198700E0,6.762786713E0,9.630291444E0
1.598403250E0,2.037263489E-1,6.884483643E0,6.793622589E0,9.674240401E0
1.608411250E0,2.186952209E-1,6.922654266E0,6.861730957E0,9.749580577E0
1.618419250E0,2.043251038E-1,6.946155396E0,6.901697845E0,9.794092948E0
1.628427250E0,1.416055298E-1,6.936126251E0,6.935377808E0,9.809656713E0
1.638434250E0,1.124162292E-1,6.915918274E0,6.930138702E0,9.791291305E0
1.648442250E0,1.031355286E-1,6.895710297E0,6.930438080E0,9.777138099E0
1.658450250E0,1.504371643E-1,6.913373566E0,6.990463257E0,9.832799293E0
1.668457250E0,1.920506287E-1,6.921157379E0,7.006629639E0,9.850490435E0
1.678465250E0,1.615141296E-1,6.893614655E0,6.970255280E0,9.804716645E0
1.688473250E0,1.624122620E-1,6.872358856E0,6.885681152E0,9.729763559E0
1.698480250E0,1.666035461E-1,6.874155121E0,6.857689362E0,9.711316530E0
1.708488250E0,2.171983337E-1,6.917115784E0,6.865622864E0,9.748355922E0
1.718496250E0,2.357597351E-1,6.914571075E0,6.872658234E0,9.751938628E0
1.728503250E0,1.592687988E-1,6.876101074E0,6.860234070E0,9.714367917E0
1.738511250E0,1.119671631E-1,6.841672668E0,6.843319244E0,9.677398402E0
1.748519250E0,1.182540894E-1,6.892117767E0,6.843468933E0,9.713307284E0
1.758526250E0,1.670526123E-1,6.955136719E0,6.819518738E0,9.742056722E0
1.768534250E0,2.049238586E-1,6.960824890E0,6.830595703E0,9.754594538E0
1.778542250E0,2.061213684E-1,6.926246796E0,6.846013641E0,9.740805073E0
1.788549250E0,1.764830017E-1,6.910828857E0,6.841522980E0,9.726106026E0
1.798557250E0,1.579216003E-1,6.898704071E0,6.889573059E0,9.751065277E0
1.808565250E0,1.448986816E-1,6.878346405E0,6.903793488E0,9.746538330E0
1.818573250E0,1.695973206E-1,6.881639557E0,6.911726990E0,9.754880636E0
1.828580250E0,1.887574768E-1,6.929539948E0,6.919810181E0,9.794790769E0
1.838588250E0,1.624122620E-1,6.909481659E0,6.847211151E0,9.728906161E0
1.848596250E0,1.426533508E-1,6.919211426E0,6.816974030E0,9.714266398E0
1.858603250E0,1.651066589E-1,6.936126251E0,6.818171539E0,9.727516164E0
1.868611250E0,1.612147522E-1,6.927144928E0,6.827003174E0,9.727245210E0
1.878618750E0,1.688488770E-1,6.950945435E0,6.861581268E0,9.768595082E0
1.888625750E0,1.971400452E-1,6.963818665E0,6.840774536E0,9.763699649E0
1.898633750E0,2.201921082E-1,6.953639832E0,6.819818115E0,9.742253877E0
1.908641750E0,2.186952209E-1,6.936126251E0,6.817123718E0,9.727838956E0
1.918648750E0,2.119592285E-1,6.980733490E0,6.817872162E0,9.760069036E0
1.928656750E0,1.770817566E-1,7.012467499E0,6.788682861E0,9.761776138E0
1.938664750E0,1.619631958E-1,7.016958160E0,6.852450256E0,9.809179803E0
1.948671750E0,2.255809021E-1,6.985972595E0,6.865173798E0,9.797209353E0
1.958679750E0,2.616558838E-1,6.980284424E0,6.833739166E0,9.772043053E0
1.968687750E0,2.679428101E-1,6.944508820E0,6.771768036E0,9.703341611E0
1.978695750E0,2.703378296E-1,6.909781036E0,6.744824066E0,9.659751974E0
1.988702750E0,2.677931213E-1,6.917864227E0,6.775809631E0,9.687112820E0
1.998710750E0,2.577639771E-1,6.951843567E0,6.846462708E0,9.760564679E0
2.008718750E0,2.180964661E-1,6.970704346E0,6.886728973E0,9.801291808E0
2.018725750E0,2.495310974E-1,6.953490143E0,6.856042786E0,9.768245166E0
2.028733750E0,2.326162720E-1,6.984475708E0,6.872658234E0,9.801553063E0
2.038741750E0,2.996768188E-1,7.094047852E0,6.864425354E0,9.876014204E0
2.048748750E0,5.113366699E-1,7.221133575E0,6.948251038E0,1.003416303E1
2.058756750E0,5.628295898E-1,7.241790619E0,7.062613220E0,1.013118029E1
2.068764750E0,3.752696228E-1,7.155719604E0,6.835385742E0,9.902911117E0
2.078771750E0,2.778222656E-1,7.047644348E0,6.614445190E0,9.669403355E0
2.088779750E0,2.260299683E-1,7.019053802E0,6.578819275E0,9.622840998E0
2.098787750E0,1.737886047E-1,7.014114075E0,6.654711456E0,9.670221471E0
2.108794750E0,1.869612122E-1,6.990463257E0,6.731352081E0,9.706319173E0
2.118802750E0,2.043251038E-1,6.970554657E0,6.747967529E0,9.703888228E0
2.128810750E0,1.571731567E-1,6.886279907E0,6.762337646E0,9.652707641E0
2.138818750E0,2.272274780E-1,6.907535706E0,6.687792664E0,9.617289252E0
2.148825750E0,2.005828857E-1,6.940018158E0,6.628964996E0,9.599336563E0
2.158833750E0,2.225871277E-1,6.965764618E0,6.592590637E0,9.593418215E0
2.168841750E0,2.525248718E-1,6.963519287E0,6.559808807E0,9.570029324E0
2.178848750E0,2.712359619E-1,6.966812439E0,6.588698730E0,9.592757449E0
2.188856750E0,2.607577515E-1,6.987469482E0,6.623426514E0,9.631329252E0
2.198864750E0,2.574645996E-1,6.994205475E0,6.648574219E0,9.653431379E0
2.208871750E0,2.926414490E-1,7.006180573E0,6.615193634E0,9.640175934E0
2.218879750E0,3.055146790E-1,7.022496643E0,6.571484528E0,9.622536423E0
2.228887750E0,3.318598938E-1,7.051536255E0,6.583459625E0,9.652783805E0
2.238894750E0,3.216810608E-1,7.059170380E0,6.641239471E0,9.697495907E0
2.248902750E0,3.339555359E-1,7.061266022E0,6.662495270E0,9.714002643E0
2.258910750E0,3.263214111E-1,7.055278473E0,6.612648926E0,9.675255336E0
2.268917750E0,3.508703613E-1,7.010222168E0,6.615493011E0,9.645261668E0
2.278925750E0,3.577560425E-1,6.967860260E0,6.636000366E0,9.628892296E0
2.288933750E0,4.248165894E-1,7.006030884E0,6.864724731E0,9.817809507E0
2.298941750E0,3.854484558E-1,7.081773376E0,7.114555206E0,1.004574440E1
2.308948750E0,2.854563904E-1,7.096442871E0,7.060966644E0,1.001490073E1
2.318956750E0,3.372486877E-1,7.135062561E0,7.018455048E0,1.001406839E1
2.328964750E0,2.615061951E-1,7.146588593E0,6.974296875E0,9.989140649E0
2.338971750E0,2.745291138E-1,7.207661591E0,6.953789520E0,1.001902892E1
2.348979750E0,3.429368591E-1,7.248526611E0,6.924899597E0,1.003060208E1
2.358987750E0,3.742218018E-1,7.205266571E0,6.889872437E0,9.976284404E0
2.368994750E0,3.477268982E-1,7.168293457E0,6.813082123E0,9.895626968E0
2.379002750E0,3.189866638E-1,7.090155945E0,6.686595154E0,9.751031667E0
2.389010750E0,2.513273621E-1,7.025191040E0,6.598428497E0,9.641355363E0
2.399017750E0,2.501298523E-1,6.998546448E0,6.599326630E0,9.622542766E0
2.409025750E0,2.713856506E-1,7.007527771E0,6.685397644E0,9.688840864E0
2.419033750E0,2.665956116E-1,7.013365631E0,6.762487335E0,9.746261112E0
2.429041750E0,2.016307068E-1,6.949448547E0,6.785689087E0,9.714991839E0
2.439048750E0,1.586700439E-1,6.910978546E0,6.844217377E0,9.727800992E0
2.449056750E0,1.393601990E-1,6.901548157E0,6.947352905E0,9.793696984E0
2.459064750E0,1.510359192E-1,6.895410919E0,6.946305084E0,9.788802680E0
2.469071750E0,1.652563477E-1,6.856940918E0,6.868916016E0,9.707057002E0
2.479079750E0,1.724414062E-1,6.852300568E0,6.770720215E0,9.634646404E0
2.489087750E0,1.221459961E-1,6.848857727E0,6.716832275E0,9.593623279E0
2.499094750E0,9.475296021E-2,6.840624847E0,6.696324921E0,9.573081733E0
2.509102750E0,1.326242065E-1,6.850504303E0,6.748566284E0,9.617179695E0
2.519110750E0,1.435514832E-1,6.860234070E0,6.759792938E0,9.632145093E0
2.529117750E0,1.444496155E-1,6.884333954E0,6.743327179E0,9.637809975E0
2.539125750E0,1.127156067E-1,6.942712555E0,6.739135895E0,9.676255218E0
2.549133750E0,1.011895752E-1,6.957531738E0,6.813231812E0,9.738460604E0
2.559141750E0,1.401086426E-1,6.991660767E0,6.896608429E0,9.821718716E0
2.569148750E0,1.275347900E-1,7.066355438E0,6.963519287E0,9.921705759E0
2.579156750E0,1.157093811E-1,7.124434662E0,6.927444305E0,9.937828863E0
2.589164750E0,1.151106262E-1,7.126679993E0,6.815926208E0,9.862031649E0
2.599171750E0,9.909393311E-2,7.089257813E0,6.683601379E0,9.743609359E0
2.609179750E0,1.899549866E-1,7.141050110E0,6.669081573E0,9.772785100E0
2.619187750E0,3.094065857E-1,7.223378906E0,6.759194183E0,9.897456303E0
2.629194750E0,3.866459656E-1,7.233707428E0,6.875951385E0,9.987728756E0
2.639202750E0,4.993615723E-1,7.281907196E0,6.968309326E0,1.009122734E1
2.649210750E0,5.542973328E-1,7.294780426E0,7.005731506E0,1.012923200E1
2.659217750E0,5.147795105E-1,7.262896729E0,6.972350922E0,1.008108844E1
2.669225750E0,4.083508301E-1,7.218289490E0,6.916217651E0,1.000522464E1
2.679233750E0,3.303630066E-1,7.154222717E0,6.888974304E0,9.937303929E0
2.689240750E0,2.871029663E-1,7.123686218E0,6.883136444E0,9.909939493E0
2.699248750E0,3.174897766E-1,7.174879761E0,6.914421387E0,9.969399302E0
2.709256750E0,4.056564331E-1,7.228168945E0,7.004234619E0,1.007324605E1
2.719264750E0,4.592449951E-1,7.244485016E0,7.042854309E0,1.011411222E1
2.729271750E0,4.778063965E-1,7.336842957E0,6.967111816E0,1.012907748E1
2.739279750E0,4.858895874E-1,7.337741089E0,6.855144653E0,1.005343430E1
2.749287750E0,5.096900940E-1,7.271428986E0,6.773115234E0,9.950304189E0
2.759294750E0,5.430706787E-1,7.200326843E0,6.756948853E0,9.889185518E0
2.769302750E0,5.120851135E-1,7.155120850E0,6.827302551E0,9.903032145E0
2.779310750E0,4.408332825E-1,7.151528320E0,6.918013916E0,9.959799588E0
2.789317750E0,3.622467041E-1,7.170538788E0,6.979685669E0,1.001318437E1
2.799325750E0,3.526666260E-1,7.245083771E0,7.015760651E0,1.009140774E1
2.809333750E0,3.073109436E-1,7.304360504E0,7.009174347E0,1.012801300E1
2.819341750E0,2.415975952E-1,7.269333344E0,7.059170380E0,1.013575173E1
2.829348750E0,2.616558838E-1,7.269333344E0,7.163204041E0,1.020897464E1
2.839356750E0,2.381547546E-1,7.271878052E0,7.226372681E0,1.025462775E1
2.849364750E0,1.999841309E-1,7.247628479E0,7.242239685E0,1.024783625E1
2.859371750E0,1.568737793E-1,7.187004547E0,7.199728088E0,1.017416966E1
2.869379750E0,1.986369324E-1,7.199129333E0,7.208709412E0,1.018981900E1
2.879388250E0,3.508703613E-1,7.304659882E0,7.193291473E0,1.025790467E1
2.889395250E0,5.551954651E-1,7.394772491E0,7.200626221E0,1.033633979E1
2.899403250E0,6.804849243E-1,7.438331909E0,7.164251862E0,1.034979932E1
2.909411250E0,6.722520447E-1,7.413932648E0,6.953041077E0,1.018641744E1
2.919418250E0,6.438111877E-1,7.357050934E0,6.679859161E0,9.957972168E0
2.929426250E0,5.584886169E-1,7.337142334E0,6.532266083E0,9.839515605E0
2.939434250E0,4.945715332E-1,7.388335876E0,6.561305695E0,9.893575716E0
2.949442250E0,3.805087280E-1,7.537126465E0,6.691385193E0,1.008601497E1
2.959449250E0,2.866539001E-1,7.673492889E0,6.944359131E0,1.035320179E1
2.969457250E0,2.586621094E-1,7.814499664E0,7.316784668E0,1.070834483E1
2.979465250E0,3.498225403E-1,7.965834961E0,7.764803009E0,1.112964816E1
2.989472250E0,5.016069031E-1,8.166567535E0,8.162376251E0,1.155719779E1
2.999480250E0,5.533992004E-1,8.299640808E0,8.257578278E0,1.172083134E1
3.009488250E0,4.117936707E-1,8.355774078E0,8.200846252E0,1.171505074E1
3.019495250E0,2.564167786E-1,8.435707855E0,8.165070648E0,1.174288275E1
3.029503250E0,2.330653381E-1,8.624315643E0,8.274942169E0,1.195440537E1
3.039511250E0,3.588038635E-1,8.972940674E0,8.455017700E0,1.233408808E1
3.049518250E0,5.683680725E-1,9.223519592E0,8.563991089E0,1.259913883E1
3.059526250E0,7.807763672E-1,9.266779633E0,8.331075439E0,1.248557706E1
3.069534250E0,8.199948120E-1,9.185798035E0,7.945177917E0,1.217280285E1
3.079542250E0,7.926017761E-1,9.143136749E0,7.557334442E0,1.188858575E1
3.089549250E0,7.970924377E-1,9.193581848E0,7.354356537E0,1.180016371E1
3.099557250E0,8.786727905E-1,9.327253876E0,7.421417084E0,1.195186857E1
3.109565250E0,1.065634003E0,9.443562012E0,7.579039307E0,1.215558621E1
3.119572250E0,1.211879883E0,9.463470612E0,7.802973633E0,1.232527186E1
3.129580250E0,1.174457703E0,9.383536835E0,8.022716675E0,1.240137481E1
3.139588250E0,1.111289062E0,9.250014496E0,8.127498779E0,1.236341247E1
3.149595250E0,8.824150085E-1,9.082213440E0,8.024512939E0,1.215146350E1
3.159603250E0,5.650749207E-1,8.962013397E0,7.821535034E0,1.190854332E1
3.169611250E0,4.303550720E-1,8.992400208E0,7.773484955E0,1.189434888E1
3.179618250E0,3.420387268E-1,8.999585266E0,7.831264801E0,1.193474901E1
3.189626250E0,3.929328918E-1,8.999136200E0,7.764054565E0,1.189198856E1
3.199634250E0,4.815486145E-1,9.046737213E0,7.577243042E0,1.181058658E1
3.209642250E0,5.541476440E-1,9.120833130E0,7.366631012E0,1.173728798E1
3.219649250E0,6.170169067E-1,9.144483948E0,7.133266296E0,1.161403395E1
3.229657250E0,5.821394348E-1,9.101074219E0,6.834188232E0,1.139625232E1
3.239665250E0,4.438270569E-1,9.016500092E0,6.569239197E0,1.116463882E1
3.249672250E0,2.915936279E-1,9.015601959E0,6.472839661E0,1.110242130E1
3.259680250E0,2.369572449E-1,9.139993286E0,6.493945770E0,1.121458683E1
3.269688250E0,2.124082947E-1,9.253756714E0,6.460714874E0,1.128795674E1
3.279695250E0,2.293231201E-1,9.291478271E0,6.282734985E0,1.121859690E1
3.289703250E0,2.718347168E-1,9.336983643E0,6.017187195E0,1.111124203E1
3.299711250E0,3.224295044E-1,9.418114929E0,5.648354187E0,1.098675360E1
3.309719250E0,4.004173279E-1,9.506730652E0,5.338348846E0,1.091037259E1
3.319726250E0,5.071453857E-1,9.655521240E0,5.217100983E0,1.098655676E1
3.329734250E0,5.050497437E-1,9.665400696E0,5.247038727E0,1.100938060E1
3.339742250E0,3.076103210E-1,9.496701508E0,5.275329895E0,1.086789166E1
3.349749250E0,-4.490661621E-3,9.347910919E0,5.203928375E0,1.069880037E1
3.359757250E0,-2.692900085E-1,9.248816986E0,5.061724091E0,1.054676176E1
3.369765250E0,-3.165916443E-1,9.268575897E0,4.802612915E0,1.044374551E1
3.379772250E0,-2.877017212E-1,9.289382629E0,4.397854614E0,1.028185426E1
3.389780250E0,-3.435356140E-1,9.247769165E0,4.052223358E0,1.010246333E1
3.399788250E0,-3.186872864E-1,9.123078461E0,3.751648407E0,9.869497857E0
3.409796250E0,-1.883084106E-1,8.950936432E0,3.386856995E0,9.572122198E0
3.419803250E0,-1.625619507E-1,8.800798645E0,3.072211304E0,9.323034134E0
3.429811250E0,-1.953437805E-1,8.680299225E0,2.810555420E0,9.126060245E0
3.439819250E0,-2.544708252E-1,8.495733032E0,2.599194946E0,8.888084694E0
3.449826250E0,-4.357438660E-1,8.295748901E0,2.411485291E0,8.650120453E0
3.459834250E0,-6.620732117E-1,8.151149597E0,2.251318359E0,8.482217578E0
3.469842250E0,-8.699908447E-1,7.948321381E0,2.119442596E0,8.271924429E0
3.479849250E0,-1.057700500E0,7.718698883E0,2.139051819E0,8.079145096E0
3.489857250E0,-1.179846497E0,7.537425842E0,2.055824890E0,7.901344320E0
3.499865250E0,-1.256636810E0,7.474556580E0,1.864522705E0,7.805419723E0
3.509872250E0,-1.247505798E0,7.551047516E0,1.634900208E0,7.826077433E0
3.519880250E0,-1.125958557E0,7.680378571E0,1.359323273E0,7.880593723E0
3.529888250E0,-1.050066376E0,7.695048065E0,1.272803192E0,7.869970272E0
3.539896250E0,-1.202599182E0,7.586972809E0,1.403780823E0,7.808905288E0
3.549903250E0,-1.506018219E0,7.435338135E0,1.556313629E0,7.744317670E0
3.559911250E0,-1.801803131E0,7.350464630E0,1.590891724E0,7.733483127E0
3.569919250E0,-1.978136444E0,7.318431244E0,1.603465576E0,7.748778066E0
3.579926250E0,-2.027533722E0,7.454498291E0,1.716181183E0,7.913641110E0
3.589934250E0,-2.031126251E0,7.576494598E0,1.884281616E0,8.067171838E0
3.599942250E0,-2.031425629E0,7.610473938E0,1.976340179E0,8.121079002E0
3.609949250E0,-2.074086914E0,7.583380280E0,1.908531189E0,8.090240064E0
3.619957250E0,-2.048190765E0,7.628286896E0,1.780397644E0,8.096645117E0
3.629965250E0,-1.961221619E0,7.809260559E0,1.697320404E0,8.228720269E0
3.639972250E0,-1.814975739E0,7.999814301E0,1.590143280E0,8.355819614E0
3.649980250E0,-1.832189941E0,8.033494263E0,1.406624908E0,8.358979823E0
3.659988250E0,-1.788181458E0,8.155939636E0,1.172661438E0,8.431611894E0
3.669996250E0,-1.832189941E0,8.296197968E0,1.025367737E0,8.557756697E0
3.680003250E0,-1.934577026E0,8.138875122E0,7.527845764E-1,8.399438144E0
3.690011250E0,-1.977388000E0,7.942782898E0,3.788621521E-1,8.193985599E0
3.700019250E0,-1.999541931E0,7.787256317E0,7.933502197E-2,8.040262616E0
3.710026250E0,-2.084864502E0,7.650141449E0,2.365081787E-2,7.929179248E0
3.720034250E0,-2.195634155E0,7.504045258E0,1.167572021E-1,7.819535588E0
3.730042250E0,-2.305655365E0,7.304360504E0,2.586621094E-1,7.663982980E0
3.740049250E0,-2.478396149E0,7.103328552E0,4.245172119E-1,7.535246436E0
3.750057250E0,-2.476599884E0,7.113357697E0,5.096900940E-1,7.549383332E0
3.760065250E0,-2.367327118E0,7.223229218E0,5.532495117E-1,7.621375403E0
3.770073250E0,-2.340083771E0,7.329957275E0,7.607180786E-1,7.731943980E0
3.780080250E0,-2.200124817E0,7.496411133E0,7.969427490E-1,7.853142481E0
3.790088250E0,-2.014061737E0,7.744744720E0,7.155120850E-1,8.034268667E0
3.800096250E0,-1.943258972E0,7.920329590E0,5.945635986E-1,8.176880953E0
3.810103250E0,-2.159259796E0,7.852071533E0,6.930587769E-1,8.172989704E0
3.820111250E0,-2.474504242E0,7.743996277E0,7.899073792E-1,8.168023215E0
3.830119250E0,-2.668351135E0,7.583529968E0,7.584727478E-1,8.074980215E0
3.840126250E0,-2.725681915E0,7.407346344E0,7.146139526E-1,7.925199989E0
3.850134250E0,-2.783312073E0,7.440277863E0,5.885760498E-1,7.965612502E0
3.860142250E0,-2.774630127E0,7.621850281E0,5.025050354E-1,8.126726608E0
3.870149250E0,-2.712060242E0,7.784412231E0,4.384382629E-1,8.254972602E0
3.880157375E0,-2.582130432E0,7.878416748E0,4.082011414E-1,8.300811779E0
3.890165375E0,-2.484982452E0,7.933801575E0,3.872447205E-1,8.322878330E0
3.900173375E0,-2.373164978E0,8.009693756E0,4.198768616E-1,8.364412870E0
3.910180375E0,-2.419418793E0,8.048014069E0,5.983058167E-1,8.425086800E0
3.920188375E0,-2.702031097E0,8.037984924E0,5.563929749E-1,8.498220216E0
3.930196375E0,-2.936593323E0,8.038433990E0,3.471281433E-1,8.565074390E0
3.940203375E0,-3.016527100E0,8.152197418E0,1.202000427E-1,8.693227625E0
3.950211375E0,-2.875819702E0,8.450227661E0,2.245330811E-3,8.926180119E0
3.960219375E0,-2.787503357E0,8.785081329E0,2.305206299E-2,9.216743477E0
3.970226375E0,-2.771486664E0,8.911268921E0,1.766326904E-1,9.333972960E0
3.980234375E0,-2.709814911E0,8.818162537E0,3.647914124E-1,9.232343156E0
3.990242375E0,-2.701132965E0,8.709039459E0,5.888754272E-1,9.137300579E0
4.000250375E0,-2.655477905E0,8.634195099E0,9.065148926E-1,9.078692481E0
4.010257375E0,-2.652783508E0,8.790470123E0,9.969268799E-1,9.235988769E0
4.020265375E0,-2.911595306E0,8.984317017E0,7.741900635E-1,9.476007057E0
4.030273375E0,-2.940335541E0,9.082812195E0,7.104226685E-1,9.573283179E0
4.040280375E0,-2.807112579E0,9.222771149E0,6.652166748E-1,9.663431167E0
4.050288375E0,-2.645598450E0,9.395062866E0,4.432283020E-1,9.770509134E0
4.060296375E0,-2.393073578E0,9.557624817E0,1.079255676E-1,9.853255361E0
4.070303375E0,-2.171534271E0,9.621990967E0,-1.944456482E-1,9.865904944E0
4.080311375E0,-2.154320068E0,9.570947113E0,-2.897973633E-1,9.814688284E0
4.090319375E0,-2.274520111E0,9.521699524E0,-1.701960754E-1,9.791076052E0
4.100326375E0,-2.224973145E0,9.511670380E0,1.234931946E-1,9.769218468E0
4.110334375E0,-2.268682251E0,9.500294037E0,5.849835205E-1,9.784922670E0
4.120342375E0,-2.343376923E0,9.436077576E0,8.816665649E-1,9.762597572E0
4.130350375E0,-2.594853973E0,9.369615784E0,9.288185120E-1,9.766558806E0
4.140357375E0,-2.910996552E0,9.211694183E0,1.004561005E0,9.712793288E0
4.150365375E0,-2.866389313E0,9.139394531E0,1.077309723E0,9.638740391E0
4.160373375E0,-2.658920746E0,9.157057800E0,1.021026764E0,9.589789505E0
4.170380375E0,-2.407892761E0,9.215586090E0,9.187893677E-1,9.569176999E0
4.180388375E0,-2.145189056E0,9.340276794E0,8.327183533E-1,9.619564779E0
4.190396375E0,-1.987716522E0,9.454189911E0,8.699908447E-1,9.699979789E0
4.200403375E0,-2.175276489E0,9.353599091E0,8.448431396E-1,9.640301016E0
4.210411375E0,-2.392025757E0,9.259145508E0,6.767427063E-1,9.587050821E0
4.220419375E0,-2.314786377E0,9.433682556E0,5.150788879E-1,9.727173731E0
4.230427375E0,-2.227368164E0,9.526639252E0,4.773573303E-1,9.795197517E0
4.240434375E0,-2.243085480E0,9.483828278E0,5.932164001E-1,9.763520726E0
4.250442375E0,-2.084565125E0,9.525890808E0,5.589376831E-1,9.767313796E0
4.260450375E0,-1.825304260E0,9.610764313E0,5.435197449E-1,9.797649720E0
4.270457375E0,-1.665586395E0,9.782157898E0,5.709127808E-1,9.939352725E0
4.280465375E0,-1.612297211E0,9.927655334E0,4.592449951E-1,1.006820484E1
4.290473375E0,-1.597028961E0,1.003782623E1,2.366578674E-1,1.016683156E1
4.300480375E0,-1.600771179E0,1.000025436E1,-1.137634277E-2,1.012757054E1
4.310488375E0,-1.775008850E0,9.785600739E0,-6.316864014E-2,9.945482819E0
4.320496375E0,-1.981878662E0,9.661957855E0,-2.245330811E-2,9.863152477E0
4.330503375E0,-1.963317261E0,9.644893341E0,-3.727249146E-2,9.842762390E0
4.340511375E0,-1.972298584E0,9.563612366E0,1.901046753E-2,9.764886307E0
4.350519375E0,-2.052232361E0,9.517508240E0,-3.308120728E-2,9.736309112E0
4.360527375E0,-2.086062012E0,9.545500031E0,-2.697390747E-1,9.774506878E0
4.370534375E0,-1.881886597E0,9.610764313E0,-4.459226990E-1,9.803424651E0
4.380542375E0,-1.553319855E0,9.705217896E0,-2.327659607E-1,9.831492103E0
4.390550375E0,-1.368304596E0,9.773775330E0,1.570234680E-1,9.870339307E0
4.400557375E0,-1.483265533E0,9.728120270E0,4.815486145E-1,9.852324076E0
4.410565375E0,-1.837279358E0,9.531279602E0,4.284091187E-1,9.716193733E0
4.420573375E0,-2.114053802E0,9.417815552E0,2.365081787E-1,9.655071691E0
4.430581375E0,-2.176923065E0,9.424551544E0,1.922003174E-1,9.674611455E0
4.440588375E0,-2.002236328E0,9.521849213E0,2.565664673E-1,9.733467475E0
4.450596375E0,-1.910028076E0,9.576335907E0,2.371069336E-1,9.767836831E0
4.460604375E0,-1.731299744E0,9.679321747E0,2.357597351E-1,9.835763871E0
4.470611375E0,-1.486408997E0,9.691446533E0,9.355545044E-2,9.805218010E0
4.480619375E0,-1.348545685E0,9.614207153E0,-1.297801208E-1,9.709191394E0
4.490627375E0,-1.254391479E0,9.685159607E0,-3.733236694E-1,9.773187052E0
4.500634375E0,-1.221310272E0,9.695039063E0,-5.310955811E-1,9.786084187E0
4.510642375E0,-1.365161133E0,9.510921936E0,-5.525010681E-1,9.624269241E0
4.520650375E0,-1.563947754E0,9.320218506E0,-3.890409851E-1,9.458528345E0
4.530657375E0,-1.714983673E0,9.276210022E0,-1.654060364E-1,9.434860917E0
4.540665375E0,-1.766925659E0,9.326505432E0,-5.388793945E-2,9.492556756E0
4.550673375E0,-1.710942078E0,9.434880066E0,-6.122268677E-2,9.588953690E0
4.560681375E0,-1.647923126E0,9.557026062E0,-1.007405090E-1,9.698584764E0
4.570688375E0,-1.500629425E0,9.634864197E0,-1.944456482E-1,9.752963953E0
4.580696375E0,-1.388213196E0,9.720785522E0,-3.035687256E-1,9.824101029E0
4.590704375E0,-1.326092377E0,9.770781555E0,-4.032614136E-1,9.868602381E0
4.600711375E0,-1.383572845E0,9.738897858E0,-5.327421570E-1,9.851102451E0
4.610719375E0,-1.489402771E0,9.691296844E0,-7.330256653E-1,9.832440275E0
4.620727375E0,-1.541943512E0,9.640103302E0,-9.231303406E-1,9.806189428E0
4.630734375E0,-1.476230164E0,9.642797699E0,-8.684939575E-1,9.793726804E0
4.640742375E0,-1.376836853E0,9.707762604E0,-6.447093201E-1,9.826086942E0
4.650750375E0,-1.376387787E0,9.787696381E0,-4.912783813E-1,9.896201202E0
4.660758375E0,-1.337169342E0,9.821825409E0,-3.484753418E-1,9.918553890E0
4.670765375E0,-1.389859772E0,9.793384552E0,-2.888992310E-1,9.895734128E0
4.680773375E0,-1.399888916E0,9.827064514E0,-2.956352234E-1,9.930674002E0
4.690781375E0,-1.309327240E0,9.927056580E0,-2.811154175E-1,1.001697639E1
4.700788375E0,-1.115031281E0,1.006282425E1,-2.041754150E-1,1.012647097E1
4.710796375E0,-9.906399536E-1,1.011102402E1,-2.049238586E-1,1.016150422E1
4.720804375E0,-1.107097778E0,9.994117126E0,-2.998265076E-1,1.005971861E1
4.730811375E0,-1.319506073E0,9.874066772E0,-4.361929321E-1,9.971386823E0
4.740819375E0,-1.392703857E0,9.789043579E0,-5.402265930E-1,9.902365525E0
4.750827375E0,-1.321751404E0,9.828711090E0,-5.578898621E-1,9.932866130E0
4.760835375E0,-1.271006927E0,9.865085449E0,-6.276448059E-1,9.966408959E0
4.770842375E0,-1.118623810E0,9.895472260E0,-6.718029785E-1,9.981132687E0
4.780850375E0,-8.910969543E-1,9.951904907E0,-5.218148804E-1,1.000533637E1
4.790858375E0,-8.288264465E-1,9.960886230E0,-3.026705933E-1,9.999890863E0
4.800865375E0,-1.002914429E0,9.884095917E0,-2.644999695E-1,9.938367556E0
4.810873375E0,-1.110540619E0,9.827363892E0,-3.704795837E-1,9.896849834E0
4.820881375E0,-1.070424042E0,9.859696655E0,-3.571572876E-1,9.924061018E0
4.830888375E0,-1.115929413E0,9.831106110E0,-2.865042114E-1,9.898385245E0
4.840896375E0,-1.191821594E0,9.732910309E0,-2.341131592E-1,9.808404089E0
4.850904375E0,-1.248403931E0,9.669891357E0,-1.974394226E-1,9.752143024E0
4.860912375E0,-1.285526733E0,9.671388245E0,-1.661544800E-1,9.757865385E0
4.870919375E0,-1.252894592E0,9.654174042E0,-1.544787598E-1,9.736358918E0
4.880927125E0,-1.313368835E0,9.603728943E0,-2.071691895E-1,9.695332195E0
4.890935125E0,-1.336869965E0,9.619146881E0,-3.183879089E-1,9.716819381E0
4.900942125E0,-1.197809143E0,9.634415131E0,-2.694396973E-1,9.712327188E0
4.910950125E0,-1.003962250E0,9.709558868E0,-1.679507446E-1,9.762770154E0
4.920958125E0,-9.033714294E-1,9.767039337E0,-1.558259583E-1,9.809965295E0
4.930965125E0,-1.015039215E0,9.739346924E0,-2.219883728E-1,9.794613925E0
4.940973125E0,-1.146316223E0,9.697284393E0,-3.152444458E-1,9.769889690E0
4.950981125E0,-1.158740387E0,9.695637817E0,-2.640509033E-1,9.768203256E0
4.960989125E0,-1.147364044E0,9.695039063E0,-6.900650024E-2,9.762939546E0
4.970996125E0,-1.219663696E0,9.692793732E0,1.353186035E-1,9.770165863E0
4.981004125E0,-1.263223114E0,9.681567078E0,1.682501221E-1,9.765079714E0
4.991012125E0,-1.170565796E0,9.657317505E0,1.654060364E-1,9.729407219E0
5.001019125E0,-1.089284821E0,9.660910034E0,1.393601990E-1,9.723124260E0
5.011027125E0,-8.665480042E-1,9.780211945E0,1.047821045E-3,9.818525970E0
5.021035125E0,-7.490423584E-1,9.855056305E0,-3.435356140E-1,9.889449729E0
5.031042125E0,-7.246430969E-1,9.905501404E0,-8.238867188E-1,9.966085240E0
5.041050125E0,-6.730004883E-1,9.957293701E0,-1.098864899E0,1.004032527E1
5.051058125E0,-6.810836792E-1,9.971663818E0,-1.103355560E0,1.005561275E1
5.061065125E0,-7.903564453E-1,9.940229187E0,-1.023721161E0,1.002401240E1
5.071073125E0,-8.936416626E-1,9.842183075E0,-8.746311951E-1,9.921297437E0
5.081081125E0,-9.030720520E-1,9.835746460E0,-7.084767151E-1,9.902493969E0
5.091089125E0,-9.587562561E-1,9.823471985E0,-6.556365967E-1,9.891899451E0
5.101096125E0,-1.035696259E0,9.783804474E0,-6.637197876E-1,9.860832656E0
5.111104125E0,-9.955796814E-1,9.775721283E0,-5.528004456E-1,9.841823705E0
5.121112125E0,-8.910969543E-1,9.798473969E0,-4.059558105E-1,9.847281148E0
5.131119125E0,-9.053173828E-1,9.760453033E0,-3.697311401E-1,9.809319247E0
5.141127125E0,-9.410929871E-1,9.745633850E0,-4.843927002E-1,9.802941979E0
5.151135125E0,-9.587562561E-1,9.724378052E0,-5.580395508E-1,9.787448605E0
5.161142125E0,-1.042432251E0,9.620344391E0,-5.876779175E-1,9.694485883E0
5.171150125E0,-1.069974976E0,9.578581238E0,-6.608757019E-1,9.660787839E0
5.181158125E0,-1.129102020E0,9.593101044E0,-7.795788574E-1,9.690727640E0
5.191166125E0,-1.225950623E0,9.551786957E0,-8.725355530E-1,9.669586718E0
5.201173125E0,-1.163081360E0,9.527986450E0,-8.596623230E-1,9.637131490E0
5.211181125E0,-9.945318604E-1,9.556876373E0,-7.523355103E-1,9.637893357E0
5.221189125E0,-7.860154724E-1,9.631271667E0,-6.701564026E-1,9.686502148E0
5.231196125E0,-7.379653931E-1,9.691895599E0,-7.075785828E-1,9.745670869E0
5.241204125E0,-7.665559387E-1,9.708810425E0,-8.671467590E-1,9.777553445E0
5.251212125E0,-7.792794800E-1,9.711504822E0,-9.797126770E-1,9.791855766E0
5.261219125E0,-7.849676514E-1,9.727671204E0,-9.900411987E-1,9.809380349E0
5.271227125E0,-7.333250427E-1,9.799821167E0,-9.958790588E-1,9.877552107E0
5.281235125E0,-6.300398254E-1,9.892777863E0,-9.702822876E-1,9.960193358E0
5.291243125E0,-5.887257385E-1,9.877808990E0,-8.939410400E-1,9.935634808E0
5.301250125E0,-5.587879944E-1,9.869276733E0,-7.893086243E-1,9.916545536E0
5.311258125E0,-5.581892395E-1,9.861343231E0,-7.900570679E-1,9.908675780E0
5.321266125E0,-5.231620789E-1,9.841284943E0,-8.705895996E-1,9.893559225E0
5.331273125E0,-5.066963196E-1,9.820178833E0,-9.116043091E-1,9.875407632E0
5.341281125E0,-5.745053101E-1,9.770332489E0,-9.713301086E-1,9.835290310E0
5.351289125E0,-6.590794373E-1,9.705217896E0,-1.033899994E0,9.782361131E0
5.361296125E0,-6.590794373E-1,9.722282410E0,-1.014739838E0,9.797288293E0
5.371304125E0,-5.971083069E-1,9.741442566E0,-9.366023254E-1,9.804563504E0
5.381312125E0,-6.057902527E-1,9.695488129E0,-8.590635681E-1,9.752305476E0
5.391320125E0,-5.948629761E-1,9.688752136E0,-8.409512329E-1,9.743355628E0
5.401327125E0,-5.842350769E-1,9.710906067E0,-8.418493652E-1,9.764821433E0
5.411335125E0,-6.598278809E-1,9.608968048E0,-8.500822449E-1,9.669037160E0
5.421343125E0,-7.493417358E-1,9.499545593E0,-8.701405334E-1,9.568700229E0
5.431350125E0,-8.370593262E-1,9.455387421E0,-9.774673462E-1,9.542560558E0
5.441358125E0,-8.897497559E-1,9.460177460E0,-1.094074860E0,9.564706582E0
5.451366125E0,-7.514373779E-1,9.495354309E0,-1.003213806E0,9.577726741E0
5.461373125E0,-6.623725891E-1,9.524094543E0,-7.939489746E-1,9.580055808E0
5.471381125E0,-7.277865601E-1,9.470955048E0,-6.747967529E-1,9.522815416E0
5.481389125E0,-7.568261719E-1,9.488169250E0,-6.975494385E-1,9.543831348E0
5.491397125E0,-7.283853149E-1,9.519154816E0,-7.197033691E-1,9.574070530E0
5.501404125E0,-8.014334106E-1,9.480535126E0,-6.701564026E-1,9.537921754E0
5.511412125E0,-8.786727905E-1,9.511670380E0,-6.233038330E-1,9.572483844E0
5.521420125E0,-9.199868774E-1,9.485175476E0,-5.771997070E-1,9.547150840E0
5.531427125E0,-9.340576172E-1,9.454788666E0,-5.040019226E-1,9.514174178E0
5.541435125E0,-8.280780029E-1,9.538913727E0,-3.794609070E-1,9.582305508E0
5.551443125E0,-7.403604126E-1,9.599537659E0,-2.719844055E-1,9.631886228E0
5.561450125E0,-6.914122009E-1,9.652078400E0,-2.812651062E-1,9.680897599E0
5.571458125E0,-5.872288513E-1,9.743987274E0,-3.950285339E-1,9.769655739E0
5.581466125E0,-5.375321960E-1,9.782906342E0,-4.989125061E-1,9.810357335E0
5.591474125E0,-5.686674500E-1,9.714648285E0,-5.147795105E-1,9.744884397E0
5.601481125E0,-5.093907166E-1,9.716444550E0,-5.471122742E-1,9.745158050E0
5.611489125E0,-3.649411011E-1,9.791588287E0,-5.318440247E-1,9.812810059E0
5.621497125E0,-3.644920349E-1,9.729617157E0,-4.493655396E-1,9.746806341E0
5.631504125E0,-4.122427368E-1,9.633666687E0,-3.884422302E-1,9.650303896E0
5.641512125E0,-3.302133179E-1,9.685908051E0,-3.975732422E-1,9.699686597E0
5.651520125E0,-1.698966980E-1,9.748178558E0,-4.243675232E-1,9.758890198E0
5.661527125E0,-3.622467041E-2,9.720486145E0,-3.462300110E-1,9.726717758E0
5.671535125E0,1.179547119E-1,9.659862213E0,-2.183958435E-1,9.663050659E0
5.681543125E0,1.450483704E-1,9.602980499E0,-1.377136230E-1,9.605063172E0
5.691551125E0,1.986369324E-1,9.627080383E0,-1.065783691E-1,9.629719222E0
5.701558125E0,3.629951477E-1,9.718390503E0,-1.534309387E-1,9.726377563E0
5.711566125E0,4.867877197E-1,9.753118286E0,-2.447410583E-1,9.768325177E0
5.721574125E0,4.581971741E-1,9.792336731E0,-5.192701721E-1,9.816794019E0
5.731581125E0,4.502636719E-1,9.741891632E0,-7.351213074E-1,9.779958757E0
5.741589125E0,4.263134766E-1,9.598190460E0,-6.689588928E-1,9.630914250E0
5.751597125E0,3.754193115E-1,9.555229797E0,-5.093907166E-1,9.576159723E0
5.761604125E0,4.677772522E-1,9.652826843E0,-4.323010254E-1,9.673818574E0
5.771612125E0,3.826043701E-1,9.519005127E0,-5.176235962E-1,9.540743100E0
5.781620125E0,2.429447937E-1,9.381141815E0,-6.858737183E-1,9.409318078E0
5.791628125E0,3.748205566E-1,9.451794891E0,-8.708889771E-1,9.499229691E0
5.801635125E0,5.941145325E-1,9.578581238E0,-1.005159760E0,9.649483756E0
5.811643125E0,7.596702576E-1,9.633966064E0,-1.032852173E0,9.718908614E0
5.821651125E0,9.232800293E-1,9.691895599E0,-1.049168243E0,9.792141764E0
5.831658125E0,9.858499146E-1,9.705367584E0,-1.058299255E0,9.812545914E0
5.841666125E0,9.668394470E-1,9.692045288E0,-1.074914703E0,9.799283749E0
5.851674125E0,9.818083191E-1,9.775272217E0,-1.105151825E0,9.886417705E0
5.861681125E0,9.550140381E-1,9.899813232E0,-1.169517975E0,1.001429609E1
5.871689125E0,1.033450928E0,9.922715607E0,-1.122066650E0,1.003928979E1
5.881697000E0,1.078507233E0,9.820927277E0,-8.845106506E-1,9.919483329E0
5.891704000E0,1.026714935E0,9.652826843E0,-6.743476868E-1,9.730670811E0
5.901712000E0,1.002016296E0,9.599837036E0,-5.957611084E-1,9.670358787E0
5.911720000E0,1.121318207E0,9.679621124E0,-6.703060913E-1,9.767380912E0
5.921728000E0,1.303040314E0,9.824070740E0,-8.195457458E-1,9.943939621E0
5.931735000E0,1.338666229E0,9.883497162E0,-9.761201477E-1,1.002139481E1
5.941743000E0,1.320104828E0,9.815239105E0,-1.032702484E0,9.957312382E0
5.951751000E0,1.317859497E0,9.728120270E0,-8.800199890E-1,9.856343786E0
5.961758000E0,1.304686890E0,9.692344666E0,-7.119195557E-1,9.805640339E0
5.971766000E0,1.197958832E0,9.644743652E0,-6.023474121E-1,9.737505219E0
5.981774000E0,1.182241516E0,9.645342407E0,-5.083428955E-1,9.730813823E0
5.991782000E0,1.421444092E0,9.732461243E0,-4.806504822E-1,9.847452972E0
6.001789000E0,1.602268066E0,9.869426422E0,-6.029461670E-1,1.001680513E1
6.011797000E0,1.530267792E0,9.889784088E0,-7.696994019E-1,1.003703074E1
6.021805000E0,1.468895416E0,9.882000275E0,-9.496252441E-1,1.003560518E1
6.031812000E0,1.516795807E0,9.912536774E0,-1.109193420E0,1.008907156E1
6.041820000E0,1.537003784E0,9.886191559E0,-1.157991943E0,1.007174809E1
6.051828000E0,1.534758453E0,9.856702881E0,-1.073417816E0,1.003306040E1
6.061835000E0,1.619931335E0,9.923164673E0,-9.090596008E-1,1.009553188E1
6.071843000E0,1.717378693E0,1.000788849E1,-8.087681580E-1,1.018633042E1
6.081851000E0,1.762434998E0,1.002510269E1,-7.390132141E-1,1.020563578E1
6.091858000E0,1.799857178E0,1.002899460E1,-7.256909180E-1,1.021503039E1
6.101866000E0,1.784139862E0,9.992769928E0,-8.116122437E-1,1.018318812E1
6.111874000E0,1.697170715E0,9.962083740E0,-9.045689392E-1,1.014602118E1
6.121882000E0,1.589694214E0,9.894574127E0,-9.511221313E-1,1.006649682E1
6.131889000E0,1.542841644E0,9.893526306E0,-9.813592529E-1,1.006107793E1
6.141897000E0,1.632954254E0,9.908195801E0,-1.044976959E0,1.009608144E1
6.151905000E0,1.786085815E0,9.919871521E0,-1.031654663E0,1.013204150E1
6.161912000E0,1.942660217E0,9.962532806E0,-9.098080444E-1,1.019086548E1
6.171920000E0,2.088307343E0,9.939181366E0,-8.484356689E-1,1.019157480E1
6.181928000E0,2.083367615E0,9.901010742E0,-9.598040771E-1,1.016325038E1
6.191935000E0,1.992356873E0,9.787397003E0,-1.179696808E0,1.005754993E1
6.201943000E0,1.971550140E0,9.692793732E0,-1.258283386E0,9.970984774E0
6.211951000E0,1.951641541E0,9.647138672E0,-1.190324707E0,9.914285762E0
6.221959000E0,1.958826599E0,9.603728943E0,-1.109492798E0,9.864055227E0
6.231966000E0,2.017055511E0,9.614207153E0,-1.022972717E0,9.876637348E0
6.241974000E0,2.085463257E0,9.644144897E0,-1.045126648E0,9.922246596E0
6.251982000E0,2.029779053E0,9.635163574E0,-1.163530426E0,9.915149175E0
6.261989000E0,1.977388000E0,9.576485596E0,-1.313817902E0,9.866370009E0
6.271997000E0,1.977537689E0,9.530231781E0,-1.394500122E0,9.832629542E0
6.282005000E0,2.026785278E0,9.507030029E0,-1.411265259E0,9.822583579E0
6.292012000E0,2.016905823E0,9.406439209E0,-1.396146698E0,9.721020178E0
6.302020000E0,1.906585236E0,9.270222473E0,-1.341959381E0,9.558919758E0
6.312028000E0,1.742376709E0,9.119186554E0,-1.269360352E0,9.370523769E0
6.322036000E0,1.682351532E0,9.033564606E0,-1.183588715E0,9.264797807E0
6.332043000E0,1.695524139E0,9.019643555E0,-1.107846222E0,9.244246601E0
6.342051000E0,1.779499512E0,9.029972076E0,-1.123264160E0,9.271932732E0
6.352059000E0,1.865869904E0,9.026978302E0,-1.156345367E0,9.290045337E0
6.362066000E0,1.884431305E0,9.024283905E0,-1.197809143E0,9.296425554E0
6.372074000E0,1.912273407E0,9.040150909E0,-1.285377045E0,9.329164603E0
6.382082000E0,1.979932709E0,9.039701843E0,-1.300794983E0,9.344967123E0
6.392089000E0,2.061812439E0,9.144933014E0,-1.224753113E0,9.454146738E0
6.402097000E0,2.056124268E0,9.198521576E0,-1.221160583E0,9.504297941E0
6.412105000E0,2.082768860E0,9.148675232E0,-1.209185486E0,9.460354864E0
6.422113000E0,2.047292633E0,9.083860016E0,-1.194665680E0,9.388032062E0
6.432120000E0,1.958676910E0,9.054371338E0,-1.199605408E0,9.341151358E0
6.442128000E0,1.846709747E0,9.025182037E0,-1.227148132E0,9.293553693E0
6.452136000E0,1.857038269E0,9.029822388E0,-1.196761322E0,9.296156257E0
6.462143000E0,2.008672943E0,9.104217682E0,-1.113235016E0,9.389400343E0
6.472151000E0,2.110760651E0,9.148076477E0,-1.065783691E0,9.448730530E0
6.482159000E0,2.176024933E0,9.197623444E0,-1.106648712E0,9.516093363E0
6.492166000E0,2.228415985E0,9.238787842E0,-1.236728210E0,9.583868491E0
6.502174000E0,2.188598785E0,9.248966675E0,-1.380279694E0,9.604088777E0
6.512182000E0,2.123633881E0,9.234147491E0,-1.435215454E0,9.583274187E0
6.522190000E0,2.108066254E0,9.184151459E0,-1.424587555E0,9.530059341E0
6.532197000E0,2.064656525E0,9.051377563E0,-1.417851562E0,9.391514543E0
6.542205000E0,2.072440338E0,8.972491608E0,-1.388213196E0,9.312773512E0
6.552213000E0,2.093546448E0,8.663534088E0,-1.340911560E0,9.013201620E0
6.562220000E0,1.877545624E0,8.520281982E0,-1.003962250E0,8.782273215E0
6.572228000E0,2.478845215E0,1.021386017E1,-8.704399109E-1,1.054633959E1
6.582236000E0,3.650009766E0,1.074974579E1,-1.213975525E0,1.141723882E1
6.592243000E0,3.233725433E0,1.031370255E1,-1.537901917E0,1.091762715E1
6.602251000E0,2.549797668E0,9.265582123E0,-1.821262665E0,9.781077544E0
6.612259000E0,2.553390198E0,8.974587250E0,-1.841171265E0,9.510674499E0
6.622267000E0,2.350412292E0,9.551637268E0,-1.438059540E0,9.941138148E0
6.632274000E0,2.588716736E0,9.551936646E0,-1.291514282E0,9.980428706E0
6.642282000E0,2.775827637E0,9.355395355E0,-1.232836304E0,9.836082893E0
6.652290000E0,2.526895294E0,9.376351776E0,-1.088386688E0,9.771681434E0
6.662297000E0,2.440524902E0,9.339827728E0,-1.084644470E0,9.714164782E0
6.672305000E0,2.533780975E0,9.326355743E0,-1.085093536E0,9.725141925E0
6.682313000E0,2.691852264E0,9.392967224E0,-1.001417542E0,9.822257326E0
6.692320000E0,2.828518066E0,9.448202362E0,-9.671388245E-1,9.909813310E0
6.702328000E0,2.787054291E0,9.432784424E0,-1.026116180E0,9.889287539E0
6.712336000E0,2.665057983E0,9.300758972E0,-1.104253693E0,9.737865666E0
6.722343000E0,2.585124207E0,9.291029205E0,-1.155746613E0,9.712972825E0
6.732351000E0,2.634671173E0,9.345366211E0,-1.224154358E0,9.786517036E0
6.742359000E0,2.749033356E0,9.409283295E0,-1.228794708E0,9.879358934E0
6.752367000E0,2.810555420E0,9.448651428E0,-1.170565796E0,9.927056959E0
6.762374000E0,2.865191803E0,9.502389679E0,-1.105900269E0,9.986378176E0
6.772382000E0,2.952610016E0,9.599387970E0,-1.040935364E0,1.009701450E1
6.782390000E0,2.927761688E0,9.627529449E0,-1.013242950E0,1.011374179E1
6.792397000E0,2.869383087E0,9.596543884E0,-9.888436890E-1,1.006502984E1
6.802405000E0,2.872676239E0,9.584718475E0,-9.907896423E-1,1.005488743E1
6.812413000E0,2.887345734E0,9.618398438E0,-9.659413147E-1,1.008877577E1
6.822420000E0,2.865341492E0,9.647587738E0,-8.824150085E-1,1.010271188E1
6.832428000E0,2.839894409E0,9.641600189E0,-8.491841125E-1,1.008695039E1
6.842436000E0,2.853516083E0,9.631571045E0,-9.122030640E-1,1.008671548E1
6.852444000E0,2.880909119E0,9.655970306E0,-9.660910034E-1,1.012278281E1
6.862451000E0,2.913990326E0,9.642049255E0,-9.577084351E-1,1.011818457E1
6.872459000E0,2.936443634E0,9.608818359E0,-9.253756714E-1,1.009001544E1
6.882467125E0,2.921175385E0,9.611812134E0,-9.330097961E-1,1.008913799E1
6.892474125E0,2.902613983E0,9.583820343E0,-9.824070740E-1,1.006180421E1
6.902482125E0,2.911445618E0,9.625733185E0,-9.877958679E-1,1.010480062E1
6.912490125E0,2.940036163E0,9.630822601E0,-9.187893677E-1,1.011141585E1
6.922497125E0,2.868784332E0,9.561965790E0,-8.527766418E-1,1.001939825E1
6.932505125E0,2.794538727E0,9.513466644E0,-8.409512329E-1,9.951014685E0
6.942513125E0,2.746937714E0,9.459728394E0,-7.825726318E-1,9.881525591E0
6.952521125E0,2.648592224E0,9.419162750E0,-7.490423584E-1,9.813089837E0
6.962528125E0,2.538870392E0,9.354946289E0,-7.455995178E-1,9.721975189E0
6.972536125E0,2.496957550E0,9.337432709E0,-7.217990112E-1,9.692442438E0
6.982544125E0,2.482138367E0,9.349108429E0,-7.153623962E-1,9.699411459E0
6.992551125E0,2.582579498E0,9.388925629E0,-6.905140686E-1,9.762092553E0
7.002559125E0,2.755320282E0,9.445058899E0,-5.563929749E-1,9.854466023E0
7.012567125E0,2.759062500E0,9.445957031E0,-4.891827393E-1,9.852808222E0
7.022574125E0,2.667752380E0,9.431736603E0,-5.483097839E-1,9.817087232E0
7.032582125E0,2.563269653E0,9.355545044E0,-6.637197876E-1,9.723018993E0
7.042590125E0,2.640808411E0,9.246122589E0,-7.220983887E-1,9.642928916E0
7.052598125E0,2.727328491E0,9.270372162E0,-7.704478455E-1,9.693900691E0
7.062605125E0,2.680625610E0,9.402547302E0,-7.646099854E-1,9.807052455E0
7.072613125E0,2.711611176E0,9.400900726E0,-7.882608032E-1,9.815860876E0
7.082621125E0,2.723735962E0,9.327852631E0,-7.595205688E-1,9.747022303E0
7.092628125E0,2.689157867E0,9.305998077E0,-6.306385803E-1,9.707258896E0
7.102636125E0,2.755919037E0,9.529483337E0,-3.088078308E-1,9.924792426E0
7.112644125E0,2.808010712E0,9.538314972E0,-2.430944824E-1,9.946027930E0
7.122651125E0,2.784359894E0,9.379195862E0,-4.056564331E-1,9.792166878E0
7.132659125E0,2.700983276E0,9.262588348E0,-5.224136353E-1,9.662492928E0
7.142667125E0,2.614463196E0,9.214388580E0,-5.996530151E-1,9.596872326E0
7.152674125E0,2.653831329E0,9.206155701E0,-6.192622375E-1,9.601021260E0
7.162682125E0,2.742596741E0,9.212742004E0,-6.265969849E-1,9.632708648E0
7.172690125E0,2.866089935E0,9.326206055E0,-6.008505249E-1,9.775152799E0
7.182698125E0,2.937042389E0,9.310788116E0,-6.194119263E-1,9.782671643E0
7.192705125E0,2.966082001E0,9.248367920E0,-6.646179199E-1,9.735074144E0
7.202713125E0,2.869532776E0,9.200916595E0,-7.213499451E-1,9.664958887E0
7.212721125E0,2.700683899E0,9.154213715E0,-7.650590515E-1,9.574896219E0
7.222728125E0,2.632276154E0,9.067394257E0,-7.445516968E-1,9.471054513E0
7.232736125E0,2.695145416E0,9.033863983E0,-6.872209167E-1,9.452342560E0
7.242744125E0,2.777773590E0,9.061257019E0,-5.764512634E-1,9.494982935E0
7.252751125E0,2.849923553E0,9.025032349E0,-5.046006775E-1,9.477757910E0
7.262759125E0,2.856360168E0,8.951086121E0,-5.084925842E-1,9.409532446E0
7.272767125E0,2.841540985E0,8.908275146E0,-5.876779175E-1,9.368942661E0
7.282774125E0,2.859204254E0,8.940308533E0,-7.644602966E-1,9.417460654E0
7.292782125E0,2.866089935E0,8.952133942E0,-8.369096375E-1,9.436927009E0
7.302790125E0,2.772534485E0,8.903784485E0,-8.617579651E-1,9.365199006E0
7.312798125E0,2.820883942E0,8.842861176E0,-8.637039185E-1,9.321993587E0
7.322805125E0,2.921175385E0,8.864715729E0,-8.092172241E-1,9.368632936E0
7.332813125E0,2.929707642E0,8.905580750E0,-7.146139526E-1,9.402299105E0
7.342821125E0,2.939886475E0,8.875792694E0,-5.984555054E-1,9.369139631E0
7.352828125E0,2.926863556E0,8.850944366E0,-5.680686951E-1,9.339617149E0
7.362836125E0,2.882855072E0,8.812025299E0,-6.132746887E-1,9.291864672E0
7.372844125E0,2.905907135E0,8.777447205E0,-6.414161682E-1,9.268187008E0
7.382851125E0,2.933150482E0,8.826245728E0,-7.038363647E-1,9.327452547E0
7.392859125E0,2.986289978E0,8.946445770E0,-8.065228271E-1,9.466113185E0
7.402867125E0,3.066822510E0,8.986562347E0,-9.346563721E-1,9.541346114E0
7.412875125E0,3.184028778E0,9.022637329E0,-9.517208862E-1,9.615185712E0
7.422882125E0,3.238964539E0,9.132359161E0,-8.463400269E-1,9.726621540E0
7.432890125E0,3.155438232E0,9.274862823E0,-7.866142273E-1,9.828460346E0
7.442898125E0,3.193608856E0,9.335935822E0,-8.780740356E-1,9.906051141E0
7.452905125E0,3.304977264E0,9.348958740E0,-9.527687073E-1,9.961609933E0
7.462913125E0,3.281326447E0,9.400152283E0,-8.813671875E-1,9.995337628E0
7.472921125E0,3.251688080E0,9.502090302E0,-7.514373779E-1,1.007113964E1
7.482928125E0,3.369642792E0,9.465715942E0,-6.060896301E-1,1.006586387E1
7.492936125E0,3.368295593E0,9.469757538E0,-4.896318054E-1,1.006287545E1
7.502944125E0,3.259621582E0,9.463620300E0,-4.602928162E-1,1.001983590E1
7.512952125E0,3.291056213E0,9.490414581E0,-4.126918030E-1,1.005332455E1
7.522959125E0,3.320395203E0,9.511670380E0,-3.354524231E-1,1.008015010E1
7.532967125E0,3.334765320E0,9.513466644E0,-2.914439392E-1,1.008521923E1
7.542975125E0,3.312012634E0,9.523046722E0,-2.776725769E-1,1.008637440E1
7.552982125E0,3.293451233E0,9.570198669E0,-3.381468201E-1,1.012669082E1
7.562990125E0,3.383863220E0,9.568851471E0,-4.090992737E-1,1.015779558E1
7.572998125E0,3.401975555E0,9.582173767E0,-4.502636719E-1,1.017812503E1
7.583005125E0,3.313210144E0,9.565857697E0,-4.382885742E-1,1.013287184E1
7.593013125E0,3.256478119E0,9.599837036E0,-3.567082214E-1,1.014340976E1
7.603021125E0,3.366349640E0,9.596843262E0,-2.371069336E-1,1.017290176E1
7.613028125E0,3.484903107E0,9.636510773E0,-1.336720276E-1,1.024815875E1
7.623036125E0,3.363505554E0,9.707014160E0,-1.154100037E-1,1.027388013E1
7.633044125E0,3.198249207E0,9.690997467E0,-1.350192261E-1,1.020600118E1
7.643051125E0,3.151546326E0,9.638307037E0,-8.801696777E-2,1.014085567E1
7.653059125E0,3.201242981E0,9.638606415E0,5.822891235E-2,1.015647975E1
7.663067125E0,3.298840027E0,9.694140930E0,1.663041687E-1,1.024140474E1
7.673075125E0,3.506458282E0,9.752669220E0,2.312690735E-1,1.036645031E1
7.683082125E0,3.698808289E0,9.794731750E0,2.908451843E-1,1.047389821E1
7.693090125E0,3.711382141E0,9.801018677E0,2.772235107E-1,1.048385317E1
7.703098125E0,3.617078247E0,9.814640350E0,2.204914856E-1,1.046226729E1
7.713105125E0,3.626658325E0,9.832902374E0,2.227368164E-1,1.048275877E1
7.723113125E0,3.633094940E0,9.777367859E0,2.640509033E-1,1.043388825E1
7.733121125E0,3.632346497E0,9.735455017E0,2.797682190E-1,1.039477252E1
7.743128125E0,3.614683228E0,9.726773071E0,3.159928894E-1,1.038151726E1
7.753136125E0,3.558699646E0,9.742640076E0,2.956352234E-1,1.037645310E1
7.763144125E0,3.633544006E0,9.713750153E0,2.435435486E-1,1.037395284E1
7.773151125E0,3.715723114E0,9.683662720E0,2.624043274E-1,1.037539291E1
7.783159125E0,3.720213776E0,9.719138947E0,2.963836670E-1,1.041102760E1
7.793167125E0,3.848646698E0,9.800419922E0,2.833607483E-1,1.053283463E1
7.803175125E0,4.004921722E0,9.940378876E0,2.999761963E-1,1.072103148E1
7.813182125E0,3.981121216E0,1.011880783E1,4.120930481E-1,1.088160920E1
7.823190125E0,3.942351837E0,1.025906616E1,6.695576477E-1,1.101085301E1
7.833198125E0,4.081562347E0,1.049991531E1,9.470805359E-1,1.130505791E1
7.843205125E0,4.322261810E0,1.085647385E1,1.027014313E0,1.173029113E1
7.853213125E0,4.586312714E0,1.109522736E1,9.430389404E-1,1.204274291E1
7.863221125E0,4.640649719E0,1.127320724E1,6.794371033E-1,1.220993309E1
7.873228125E0,4.649181976E0,1.134371063E1,3.405418396E-1,1.226420127E1
7.883236042E0,4.776118011E0,1.132200577E1,1.706451416E-2,1.228818168E1
7.893244042E0,4.750371552E0,1.124820923E1,-2.221380615E-1,1.221219006E1
7.903252042E0,4.705015869E0,1.120584732E1,-3.354524231E-1,1.215815433E1
7.913259042E0,4.732259216E0,1.109522736E1,-4.017645264E-1,1.206895862E1
7.923267042E0,4.722529449E0,1.094164673E1,-3.474275208E-1,1.192235813E1
7.933275042E0,4.488865356E0,1.075453583E1,-2.290237427E-1,1.165600296E1
7.943282042E0,4.078269196E0,1.053419403E1,-4.056564331E-2,1.129615727E1
7.953290042E0,3.920646973E0,1.033780243E1,3.040177917E-1,1.106047280E1
7.963298042E0,3.964356079E0,1.019200562E1,7.018904114E-1,1.095836428E1
7.973305042E0,3.864513702E0,1.006042923E1,9.515711975E-1,1.081906605E1
7.983313042E0,3.590283966E0,9.888436890E0,9.993218994E-1,1.056740116E1
7.993321042E0,3.140319672E0,9.639205170E0,7.438032532E-1,1.016509357E1
8.003328042E0,2.769091644E0,9.403744812E0,4.230203247E-1,9.812096168E0
8.013336042E0,2.582878876E0,9.297615509E0,3.189866638E-1,9.654981612E0
8.023344042E0,2.279459839E0,9.166338501E0,2.188449097E-1,9.448046982E0
8.033351042E0,1.875300293E0,8.923244019E0,2.769241333E-2,9.118212647E0
8.043359042E0,1.594184875E0,8.680448914E0,-1.866618347E-1,8.827596581E0
8.053367042E0,1.464554443E0,8.521629181E0,-4.339476013E-1,8.657447322E0
8.063375042E0,1.404978333E0,8.404722290E0,-6.472540283E-1,8.545891332E0
8.073382042E0,1.291364594E0,8.346493378E0,-7.819738770E-1,8.481925333E0
8.083390042E0,1.356778564E0,8.377478943E0,-7.691006470E-1,8.521415218E0
8.093398042E0,1.675765228E0,8.527167664E0,-6.667135620E-1,8.715806586E0
8.103405042E0,1.922452240E0,8.660989380E0,-6.408174133E-1,8.894897785E0
8.113413042E0,1.842518463E0,8.842262421E0,-8.707392883E-1,9.074065567E0
8.123421042E0,1.813329163E0,9.008267212E0,-1.158590698E0,9.261715458E0
8.133428042E0,2.063608704E0,9.103020172E0,-1.391656036E0,9.437169261E0
8.143436042E0,2.234553223E0,9.086853790E0,-1.575623474E0,9.489295508E0
8.153444042E0,2.244732056E0,9.061855774E0,-1.745370483E0,9.497492837E0
8.163451042E0,2.333796844E0,9.044641571E0,-1.920356598E0,9.536242359E0
8.173459042E0,1.914369049E0,8.992699585E0,-2.039359131E0,9.417666396E0
8.183467042E0,1.570983124E0,8.784632263E0,-2.091151428E0,9.165733264E0
8.193475042E0,1.361718292E0,8.528365173E0,-1.992506561E0,8.863259651E0
8.203482042E0,1.065783691E0,8.313861237E0,-1.325643311E0,8.486077641E0
8.213490042E0,5.929170227E-1,8.102051697E0,-2.694396973E-1,8.128184917E0
8.223498042E0,2.647993469E-1,7.922724609E0,5.604345703E-1,7.946934682E0
8.233505042E0,1.413061523E-1,7.959697723E0,1.363215179E0,8.076825546E0
8.243513042E0,1.627116394E-1,7.956703949E0,2.090552673E0,8.228366988E0
8.253521042E0,9.160949707E-2,7.937693481E0,2.411185913E0,8.296335794E0
8.263528042E0,-2.243833923E-1,7.951764221E0,2.389930115E0,8.306182522E0
8.273536042E0,-6.812333679E-1,7.789501648E0,2.289938049E0,8.147651876E0
8.283544042E0,-1.198258209E0,7.547754364E0,2.480042725E0,8.034614527E0
8.293551042E0,-1.983375549E0,7.249574432E0,2.921025696E0,8.063652965E0
8.303559042E0,-2.880310364E0,6.848408661E0,3.337160339E0,8.144539773E0
8.313567042E0,-3.706891479E0,6.596482544E0,3.755839691E0,8.447541546E0
8.323574042E0,-4.486470337E0,6.461613007E0,4.212390289E0,8.923289230E0
8.333582042E0,-4.911586304E0,6.424939270E0,4.561614075E0,9.285033528E0
8.343590042E0,-4.868176575E0,6.510112152E0,4.737049255E0,9.408524807E0
8.353598042E0,-4.632566528E0,6.688541107E0,4.683610382E0,9.387942319E0
8.363605042E0,-4.515959015E0,6.806196442E0,4.428690491E0,9.291474333E0
8.373613042E0,-4.319717102E0,6.983577576E0,4.076472931E0,9.167766530E0
8.383621042E0,-4.113146667E0,7.193141785E0,3.818110199E0,9.123443962E0
8.393628042E0,-3.832630005E0,7.418872375E0,3.615581360E0,9.099513649E0
8.403636042E0,-3.562890930E0,7.714806976E0,3.265160065E0,9.103499806E0
8.413644042E0,-3.249592438E0,7.932454376E0,2.858306122E0,9.036238008E0
8.423651042E0,-2.802172852E0,8.115673370E0,2.727627869E0,9.008678079E0
8.433659042E0,-2.489922180E0,8.347391510E0,2.586770782E0,9.086805851E0
8.443667042E0,-2.300266571E0,8.460107117E0,2.291884003E0,9.061863550E0
8.453674042E0,-2.106120300E0,8.410560150E0,1.954934692E0,8.887915077E0
8.463682042E0,-1.805545349E0,8.340655518E0,1.625769196E0,8.687327204E0
8.473690042E0,-1.506766663E0,8.171656952E0,1.230890350E0,8.400084176E0
8.483697042E0,-1.200802917E0,7.754175110E0,8.827143860E-1,7.896096755E0
8.493705042E0,-1.059496765E0,7.276668091E0,4.930746460E-1,7.369908718E0
8.503713042E0,-9.538165283E-1,6.720424805E0,1.155596924E-1,6.788757586E0
8.513721042E0,-1.078956299E0,5.955964508E0,5.598358154E-2,6.053163972E0
8.523728042E0,-1.688788147E0,5.276078339E0,3.525169373E-1,5.550970747E0
8.533736042E0,-2.925067291E0,4.894521790E0,1.301393738E0,5.848588536E0
8.543744042E0,-4.044140167E0,4.426594849E0,2.751727753E0,6.597106735E0
8.553751042E0,-4.286935272E0,4.137695618E0,4.266876984E0,7.328340757E0
8.563759042E0,-3.958667908E0,4.099524994E0,5.571563873E0,7.969910964E0
8.573767042E0,-3.449426880E0,3.861370239E0,6.164480896E0,8.050437916E0
8.583774042E0,-2.647843781E0,3.713777161E0,6.158493347E0,7.663566911E0
8.593782042E0,-1.751956787E0,3.941902771E0,6.010151825E0,7.397964247E0
8.603790042E0,-1.251248016E0,4.270170135E0,5.856870575E0,7.355467865E0
8.613797042E0,-1.314117279E0,4.393363953E0,5.741310883E0,7.347870555E0
8.623805042E0,-1.646126862E0,4.251459045E0,5.870043182E0,7.432499218E0
8.633813042E0,-1.997895355E0,4.263284454E0,6.283633118E0,7.851829427E0
8.643820042E0,-1.928739166E0,4.334386597E0,6.851252747E0,8.333463034E0
8.653828042E0,-1.620230713E0,4.223916321E0,7.195836182E0,8.499804410E0
8.663836042E0,-1.335073700E0,4.262536011E0,7.162006531E0,8.440732941E0
8.673844042E0,-7.668553162E-1,4.287833405E0,6.836882629E0,8.106574275E0
8.683851042E0,1.125659180E-1,4.057911530E0,6.333329773E0,7.522657980E0
8.693859042E0,6.936575317E-1,4.004322968E0,5.826932831E0,7.104147339E0
8.703867042E0,1.349443817E0,4.367018738E0,5.475912781E0,7.132844598E0
8.713874042E0,2.226769409E0,4.773124237E0,5.184618530E0,7.390635040E0
8.723882042E0,2.712958374E0,5.107379150E0,5.025649109E0,7.661763106E0
8.733890042E0,3.031495972E0,5.579647064E0,4.956642609E0,8.055478579E0
8.743897042E0,3.214265900E0,5.817801819E0,4.488416290E0,8.020237158E0
8.753905042E0,3.054697723E0,5.739065552E0,3.936364288E0,7.600198379E0
8.763913042E0,3.143313446E0,6.013744354E0,4.065845032E0,7.910539577E0
8.773920042E0,4.121080170E0,6.385421448E0,4.524341583E0,8.844578882E0
8.783928042E0,5.444777527E0,6.620432739E0,5.049898682E0,9.948728998E0
8.793936042E0,6.711892548E0,6.942712555E0,5.714815979E0,1.122095722E1
8.803943042E0,7.620353394E0,7.014563141E0,6.290967865E0,1.211817472E1
8.813951042E0,7.728728027E0,6.691085815E0,6.652466125E0,1.219668692E1
8.823959042E0,7.685018921E0,6.840475159E0,7.467820587E0,1.271298394E1
8.833966042E0,8.289611664E0,7.606282654E0,8.985813904E0,1.439854329E1
8.843974042E0,9.215586090E0,8.114924927E0,1.051683014E1,1.616733589E1
8.853982042E0,1.053943314E1,8.661737823E0,1.183468964E1,1.806004518E1
8.863990042E0,1.166359543E1,9.388476563E0,1.285092636E1,1.973142820E1
8.873997042E0,1.248134491E1,9.648785248E0,1.357901230E1,2.081520124E1
8.884005042E0,1.332783463E1,9.895172882E0,1.443538147E1,2.199831494E1
8.894012500E0,1.362092514E1,1.006506958E1,1.540895691E1,2.289696880E1
8.904019500E0,1.389410706E1,1.022763153E1,1.635439087E1,2.377218455E1
8.914027500E0,1.435619614E1,1.088341782E1,1.760608795E1,2.518974958E1
8.924035500E0,1.500105515E1,1.153396500E1,1.901914948E1,2.682894054E1
8.934042500E0,1.602702164E1,1.226459564E1,2.039104660E1,2.868937975E1
8.944050500E0,1.675495789E1,1.261337036E1,2.105177261E1,2.971536397E1
8.954058500E0,1.722078918E1,1.270258484E1,2.166040695E1,3.044806186E1
8.964065500E0,1.759321472E1,1.285392014E1,2.316627548E1,3.180284243E1
8.974073500E0,1.768482422E1,1.254571106E1,2.464564911E1,3.282614649E1
8.984081500E0,1.951117630E1,1.274809021E1,2.655687469E1,3.533365815E1
8.994089500E0,2.282004547E1,1.348111588E1,2.973596375E1,3.983368550E1
9.004096500E0,2.539334427E1,1.288026535E1,3.246748352E1,4.318403241E1
9.014104500E0,2.720248215E1,1.166449356E1,3.543910400E1,4.617321234E1
9.024112500E0,2.759601379E1,9.263187103E0,3.852284134E1,4.828411662E1
9.034119500E0,2.614478165E1,6.027216339E0,4.085873383E1,4.888060018E1
9.044127500E0,2.418924820E1,2.768941956E0,4.238376251E1,4.887913760E1
9.054135500E0,2.290417053E1,-1.069376221E0,4.191194366E1,4.777400564E1
9.064142500E0,2.191023743E1,-4.283193054E0,3.980238052E1,4.563588218E1
9.074150500E0,2.183778809E1,-6.109994202E0,3.682836502E1,4.324984957E1
9.084158500E0,2.013882111E1,-8.760382690E0,2.724439499E1,3.499390631E1
9.094165500E0,1.694161972E1,-9.879904633E0,1.442699890E1,2.434685383E1
9.104173500E0,8.928932190E0,-7.325915680E0,6.230643311E0,1.312310126E1
9.114181500E0,-3.172502747E0,-7.214846649E0,4.199666748E0,8.930620731E0
9.124188500E0,8.240364075E-1,-5.670657806E0,2.112856293E0,6.107336381E0
9.134196500E0,1.076561279E0,-5.688620453E0,-1.077609100E0,5.889026084E0
9.144204500E0,1.528321838E-1,-2.853665771E0,-1.132844238E0,3.074101833E0
9.154211500E0,9.220825195E-1,-3.074606323E-1,-5.480104065E-1,1.115833150E0
9.164219500E0,8.397537231E-1,-6.804849243E-1,-5.963598633E-1,1.234459855E0
9.174227500E0,8.363108826E-1,-6.162684631E-1,-5.532495117E-1,1.176982469E0
9.184234500E0,8.238867188E-1,-5.984555054E-1,-5.062472534E-1,1.137200334E0
9.194242500E0,8.192463684E-1,-5.792953491E-1,-4.822970581E-1,1.113264643E0
9.204250500E0,7.896080017E-1,-5.388793945E-1,-4.528083801E-1,1.057784112E0
9.214258500E0,7.825726318E-1,-5.159770203E-1,-4.420307922E-1,1.036360666E0
9.224265500E0,7.647596741E-1,-4.745132446E-1,-4.029620361E-1,9.861027233E-1
9.234273500E0,7.503895569E-1,-4.501139832E-1,-3.818559265E-1,9.547256326E-1
9.244281500E0,7.214996338E-1,-4.071533203E-1,-3.826043701E-1,9.125358359E-1
9.254288500E0,7.146139526E-1,-3.854484558E-1,-3.698808289E-1,8.922193906E-1
9.264296500E0,6.857240295E-1,-3.613485718E-1,-3.442840576E-1,8.481283790E-1
9.274304500E0,6.641688538E-1,-3.439846802E-1,-3.267704773E-1,8.162258703E-1
9.284311500E0,6.474037170E-1,-3.092568970E-1,-2.995271301E-1,7.774882011E-1
9.294319500E0,6.379733276E-1,-2.808160400E-1,-2.987786865E-1,7.583774249E-1
9.304327500E0,5.807922363E-1,-2.677931213E-1,-2.779719543E-1,6.973529845E-1
9.314334500E0,5.593867493E-1,-2.670446777E-1,-2.483335876E-1,6.677544204E-1
9.324342500E0,5.288502502E-1,-2.436932373E-1,-2.330653381E-1,6.272068502E-1
9.334350500E0,4.999603271E-1,-2.145039368E-1,-2.091151428E-1,5.828390949E-1
9.344357500E0,4.769082642E-1,-2.189945984E-1,-1.811233521E-1,5.551628547E-1
9.354365500E0,4.685256958E-1,-1.947450256E-1,-1.603166199E-1,5.321121792E-1
9.364373500E0,4.287084961E-1,-1.899549866E-1,-1.215472412E-1,4.844043800E-1
9.374380500E0,4.070036316E-1,-1.908531189E-1,-1.185534668E-1,4.648997673E-1
9.384388500E0,3.835025024E-1,-1.782792664E-1,-9.729766846E-2,4.339637110E-1
9.394396500E0,3.644920349E-1,-1.797761536E-1,-9.145980835E-2,4.165798908E-1
9.404403500E0,3.332070923E-1,-1.787283325E-1,-5.418731689E-2,3.819778115E-1
9.414411500E0,3.143463135E-1,-1.776805115E-1,-3.832031250E-2,3.631148789E-1
9.424419500E0,2.927911377E-1,-1.754351807E-1,-3.966751099E-2,3.436243070E-1
9.434427500E0,2.719844055E-1,-1.769320679E-1,-7.484436035E-4,3.244703895E-1
9.444434500E0,2.621049500E-1,-1.703457642E-1,-7.634124756E-3,3.126898847E-1
9.454442500E0,2.323168945E-1,-1.658551025E-1,-3.143463135E-3,2.854626699E-1
9.464450500E0,2.085163879E-1,-1.766326904E-1,8.382568359E-3,2.734016438E-1
9.474457500E0,1.914518738E-1,-1.772314453E-1,1.601669312E-2,2.613835106E-1
9.484465500E0,1.706451416E-1,-1.764830017E-1,3.427871704E-2,2.478730415E-1
9.494473500E0,1.660047913E-1,-1.678010559E-1,4.281097412E-2,2.398907347E-1
9.504480500E0,1.480421448E-1,-1.743873596E-1,4.894821167E-2,2.339302359E-1
9.514488500E0,1.410067749E-1,-1.775308228E-1,4.266128540E-2,2.306947959E-1
9.524496500E0,1.176553345E-1,-1.790277100E-1,4.146377563E-2,2.182039032E-1
9.534503500E0,1.113684082E-1,-1.787283325E-1,3.742218018E-2,2.138858545E-1
9.544511500E0,1.127156067E-1,-1.745370483E-1,3.427871704E-2,2.105778233E-1
9.554519500E0,9.430389404E-2,-1.731898499E-1,3.293151855E-2,1.999310717E-1
9.564526500E0,7.274871826E-2,-1.722917175E-1,2.694396973E-2,1.889518178E-1
9.574534500E0,7.843688965E-2,-1.790277100E-1,1.916015625E-2,1.963934270E-1
9.584542500E0,7.484436035E-2,-1.962419128E-1,2.484832764E-2,2.114946950E-1
9.594549500E0,6.691085815E-2,-1.734892273E-1,3.592529297E-2,1.893837416E-1
9.604557500E0,6.855743408E-2,-1.898052979E-1,3.861968994E-2,2.054693488E-1
9.614565500E0,7.813751221E-2,-1.865121460E-1,3.412902832E-2,2.050781363E-1
9.624572500E0,9.056167603E-2,-1.942959595E-1,3.876937866E-2,2.178426078E-1
9.634580500E0,9.565109253E-2,-1.881587219E-1,6.526428223E-2,2.209349739E-1
9.644588500E0,7.409591675E-2,-1.966909790E-1,7.125183105E-2,2.219332547E-1
9.654595500E0,9.624984741E-2,-1.993853760E-1,6.990463257E-2,2.321749748E-1
9.664603500E0,8.756790161E-2,-1.886077881E-1,7.110214233E-2,2.197647601E-1
9.674611500E0,8.038284302E-2,-2.050735474E-1,4.580474854E-2,2.249769683E-1
9.684619500E0,8.158035278E-2,-2.028282166E-1,3.038681030E-2,2.207215387E-1
9.694626500E0,8.562194824E-2,-1.986369324E-1,2.664459229E-2,2.179396321E-1
9.704634500E0,8.996292114E-2,-1.986369324E-1,4.146377563E-2,2.219666704E-1
9.714642500E0,1.005908203E-1,-2.010319519E-1,4.281097412E-2,2.288343032E-1
9.724649500E0,1.016386414E-1,-2.007325745E-1,3.787124634E-2,2.281626857E-1
9.734657500E0,1.005908203E-1,-2.148033142E-1,5.763015747E-2,2.440905815E-1
9.744665500E0,1.037342834E-1,-2.058219910E-1,6.197113037E-2,2.386711431E-1
9.754672500E0,1.175056458E-1,-2.142045593E-1,3.802093506E-2,2.472584913E-1
9.764680500E0,1.194515991E-1,-2.100132751E-1,2.200424194E-2,2.426075987E-1
9.774688500E0,1.416055298E-1,-2.017803955E-1,2.245330811E-3,2.465207812E-1
9.784695500E0,-1.130763565E1,-1.518741760E0,1.827848969E0,1.155466280E1
9.794703500E0,-6.021722763E1,-4.609514465E0,1.019350250E1,6.124760910E1
9.804711500E0,-8.869625519E1,-4.274062042E0,-3.821553040E0,8.888136789E1
9.814718500E0,-8.264059799E1,9.153764648E0,-1.648222504E0,8.316235014E1
9.824726500E0,-5.088997375E1,1.172871002E1,2.506687317E0,5.228418068E1
9.834734500E0,-3.217574020E1,5.452561340E0,5.181624756E0,3.304327341E1
9.844741500E0,-1.776356049E0,-1.105900269E0,2.731923935E1,2.739925720E1
9.854749500E0,-1.416055298E0,-7.026837616E0,3.156890213E1,3.237247660E1
9.864757500E0,-8.470435638E0,-8.061336365E0,2.105147324E1,2.408107035E1
9.874764500E0,-9.739496613E0,2.102078705E0,4.127965851E0,1.078501883E1
9.884772500E0,-1.755863663E1,1.394769562E1,9.174571381E0,2.422842738E1
9.894780500E0,-9.392667847E0,1.153411469E1,4.313130798E0,1.548745002E1
9.904787500E0,-7.835605774E0,-4.312681732E0,-1.469868393E1,1.720602368E1
9.914795500E0,-1.383123779E-1,-6.088588715E0,-5.313500519E0,8.082284987E0
9.924803500E0,8.996292114E-2,2.475552063E0,2.070344696E0,3.228432825E0
9.934810500E0,7.222480774E-1,1.065469345E1,7.784561920E0,1.321527673E1
9.944818500E0,4.623734894E0,1.295855255E1,8.450227661E0,1.614649671E1
9.954826500E0,3.761228485E0,8.601113892E0,3.028651886E0,9.864011970E0
9.964833500E0,1.513203278E0,3.371289368E0,-4.349205780E0,5.707097956E0
9.974841500E0,-2.080373840E0,8.810678101E-1,-7.074438629E0,7.426433715E0
9.984849500E0,-5.500461731E0,2.350112915E-1,-5.113815765E0,7.514081530E0
9.994856500E0,-7.828720093E0,-2.013313293E-1,-3.871100006E0,8.735834697E0
1.000486450E1,-1.051024384E1,-9.190887451E-1,-4.661157074E0,1.153413780E1
1.001487250E1,-1.212209198E1,-1.394500122E0,-4.532873840E0,1.301678493E1
1.002487950E1,-1.212418762E1,-8.912466431E-1,-3.364852753E0,1.261397955E1
1.003488750E1,-1.106364304E1,2.694396973E-2,-2.514022064E0,1.134571418E1
1.004489550E1,-9.691596222E0,-3.053649902E-2,-2.563119965E0,1.002484682E1
1.005490250E1,-8.204438782E0,-9.377998352E-1,-3.242856445E0,8.871775593E0
1.006491050E1,-7.043153687E0,-1.519340515E0,-3.574267273E0,8.042996705E0
1.007491850E1,-6.954388275E0,-8.732839966E-1,-2.299218750E0,7.376486161E0
1.008492550E1,-7.565866699E0,2.148033142E-1,4.156855774E-1,7.580321489E0
1.009493350E1,-8.178542633E0,9.252259827E-1,2.955454102E0,8.745245089E0
1.010494150E1,-8.467591553E0,1.303938446E0,4.494553528E0,9.674780286E0
1.011494850E1,-7.658823395E0,9.262738037E-1,5.260810089E0,9.337648620E0
1.012495650E1,-5.539829865E0,5.761518860E-1,5.745053101E0,8.001706134E0
1.013496450E1,-2.651136932E0,1.004261627E0,6.932384033E0,7.489660662E0
1.014497250E1,5.542973328E-1,2.303559723E0,8.657696228E0,8.976042386E0
1.015497950E1,3.344046021E0,4.667144623E0,9.386979675E0,1.100364804E1
1.016498750E1,4.485871582E0,6.958280182E0,9.668095093E0,1.272842369E1
1.017499550E1,3.245700531E0,7.775430908E0,1.092982132E1,1.380046709E1
1.018500250E1,1.806742859E0,7.255112915E0,1.254466324E1,1.460375154E1
1.019501050E1,1.562151489E0,6.487808533E0,1.424018738E1,1.572624918E1
1.020501850E1,3.046015778E0,7.324269104E0,1.647698593E1,1.828699525E1
1.021502550E1,6.222111053E0,1.012329849E1,1.842832809E1,2.192713193E1
1.022503350E1,9.068741455E0,1.282862274E1,1.905058411E1,2.469292182E1
1.023504150E1,9.914931793E0,1.420486084E1,1.884311554E1,2.559583847E1
1.024504850E1,9.754764862E0,1.364966537E1,1.891795990E1,2.528552964E1
1.025505650E1,9.176367645E0,1.248314117E1,1.954560471E1,2.494123493E1
1.026506450E1,9.379195862E0,1.262399826E1,2.041514648E1,2.577038713E1
1.027507150E1,1.164712967E1,1.339803864E1,2.198059113E1,2.825437055E1
1.028507950E1,1.541674072E1,1.505464371E1,2.240660522E1,3.108655898E1
1.029508750E1,1.861184647E1,1.725866043E1,2.155083481E1,3.329715708E1
1.030509450E1,1.955787918E1,1.805156158E1,1.994287857E1,3.325790010E1
1.031510250E1,1.812745377E1,1.705253906E1,1.804527466E1,3.074126878E1
1.032511050E1,1.516047363E1,1.506123001E1,1.590083405E1,2.663676282E1
1.033511750E1,1.218765564E1,1.305704773E1,1.409064835E1,2.275020475E1
1.034512550E1,1.164263901E1,1.210368027E1,1.321287369E1,2.136890615E1
1.035513350E1,1.338381821E1,1.208586731E1,1.252026398E1,2.195340039E1
1.036514050E1,1.444930252E1,1.215547256E1,1.135463791E1,2.203328524E1
1.037514850E1,1.378902557E1,1.178963333E1,1.069795349E1,2.106131262E1
1.038515650E1,1.245619720E1,1.069151688E1,1.023152344E1,1.934294326E1
1.039516350E1,1.054332504E1,9.108109589E0,8.909472656E0,1.653777694E1
1.040517150E1,8.253087616E0,7.385342102E0,7.620054016E0,1.344328667E1
1.041517950E1,6.359824677E0,6.062393188E0,7.200326843E0,1.135978379E1
1.042518650E1,6.104006653E0,5.807622986E0,6.906936951E0,1.089463905E1
1.043519450E1,7.748187561E0,6.772217102E0,6.889123993E0,1.238375405E1
1.044520250E1,1.018556900E1,8.330776062E0,7.760012970E0,1.527630345E1
1.045520950E1,1.217253708E1,9.302555237E0,8.307574310E0,1.742767867E1
1.046521750E1,1.255963211E1,9.556127930E0,8.055498505E0,1.771877524E1
1.047522550E1,1.174607391E1,9.356443176E0,7.609276428E0,1.683491518E1
1.048523250E1,1.082009949E1,8.710536346E0,7.022796021E0,1.556494974E1
1.049524050E1,1.001342697E1,7.732470245E0,6.228697357E0,1.410164836E1
1.050524850E1,9.052724762E0,6.764433289E0,5.339097290E0,1.249861365E1
1.051525650E1,8.359067230E0,6.182144165E0,4.924758911E0,1.150418019E1
1.052526350E1,8.295748901E0,6.207291870E0,4.477788391E0,1.128718349E1
1.053527150E1,8.748108215E0,6.622528381E0,4.111051025E0,1.171699706E1
1.054527950E1,9.359137573E0,7.238048401E0,4.258195038E0,1.257437974E1
1.055528650E1,9.588610382E0,7.781717834E0,4.807103577E0,1.325159712E1
1.056529450E1,9.435329132E0,7.810907135E0,5.362299042E0,1.337123619E1
1.057530250E1,9.149573364E0,7.548203430E0,5.587281189E0,1.311136068E1
1.058530950E1,8.804690552E0,7.242838440E0,5.275329895E0,1.256226054E1
1.059531750E1,8.252937927E0,6.932982788E0,4.651876373E0,1.173955657E1
1.060532550E1,7.384743347E0,6.487060089E0,4.529880066E0,1.082294767E1
1.061533250E1,6.274502106E0,5.908363495E0,4.777016144E0,9.853832711E0
1.062534050E1,5.313650208E0,5.238955536E0,4.060007172E0,8.495009822E0
1.063534850E1,4.872517548E0,4.591701508E0,3.464545441E0,7.538449781E0
1.064535550E1,4.800966339E0,4.159550171E0,3.080593872E0,7.059829603E0
1.065536350E1,4.377796326E0,4.162543945E0,3.236569519E0,6.853266011E0
1.066537150E1,4.019740906E0,4.586911469E0,3.655248871E0,7.110479455E0
1.067537850E1,3.854334869E0,5.223088531E0,3.950285339E0,7.598769990E0
1.068538650E1,3.883374481E0,5.672454071E0,4.385430450E0,8.154099140E0
1.069539450E1,4.062701569E0,6.005361786E0,5.152884521E0,8.895062288E0
1.070540150E1,4.907993774E0,7.017107849E0,7.892337799E0,1.164547987E1
1.071540950E1,3.674409027E0,6.750212860E0,6.306236115E0,9.941592895E0
1.072541750E1,3.400478668E0,6.573879547E0,5.106481018E0,8.991957288E0
1.073542450E1,3.382815399E0,7.869585114E0,5.543871460E0,1.020334850E1
1.074543250E1,3.345842285E0,7.973618774E0,4.978197784E0,9.977760778E0
1.075544050E1,3.092718658E0,7.904761963E0,5.477409668E0,1.010208825E1
1.076544750E1,2.696193237E0,7.566764832E0,6.268664246E0,1.018928552E1
1.077545550E1,2.200573883E0,7.091353455E0,7.278314667E0,1.039729213E1
1.078546350E1,1.622925110E0,6.752158813E0,8.298742676E0,1.082102881E1
1.079547050E1,1.171463928E0,6.791077881E0,8.481512604E0,1.092827171E1
1.080547850E1,7.955955505E-1,6.613846436E0,8.193661194E0,1.055992522E1
1.081548650E1,8.493338013E-1,6.818171539E0,8.791218567E0,1.115770384E1
1.082549350E1,7.798782349E-1,6.924300842E0,9.551188202E0,1.182283165E1
1.083550150E1,6.676116943E-1,6.917864227E0,9.738897858E0,1.196447585E1
1.084550950E1,1.747316437E0,7.262747040E0,8.830586700E0,1.156632486E1
1.085551650E1,2.387535095E0,7.951165466E0,7.999065857E0,1.152850427E1
1.086552450E1,2.252366180E0,8.053402863E0,7.860753479E0,1.147701600E1
1.087553250E1,1.799707489E0,7.251969452E0,7.964936829E0,1.092109091E1
1.088553950E1,9.511221313E-1,6.842271423E0,8.389753418E0,1.086780907E1
1.089554767E1,1.100960541E0,6.939419403E0,8.794212341E0,1.125636826E1
1.090555567E1,1.452279968E0,6.811734924E0,8.962462463E0,1.135053229E1
1.091556267E1,1.503772888E0,6.154152374E0,9.297465820E0,1.125067976E1
1.092557067E1,1.137484589E0,5.741909637E0,9.744436340E0,1.136738479E1
1.093557867E1,8.545729065E-1,5.721551971E0,9.824819183E0,1.140147025E1
1.094558567E1,8.393046570E-1,5.731431427E0,9.876162415E0,1.144955556E1
1.095559367E1,1.010847931E0,5.880521393E0,9.869276733E0,1.153277801E1
1.096560167E1,1.488953705E0,6.398594055E0,9.605525208E0,1.163722920E1
1.097560867E1,1.290167084E0,6.618187408E0,9.426198120E0,1.158957060E1
1.098561667E1,7.896080017E-1,6.222410431E0,9.000782776E0,1.097068653E1
1.099562467E1,6.538403320E-1,5.500910797E0,8.234376526E0,9.924337940E0
1.100563167E1,1.373094635E0,4.767735443E0,7.557933197E0,9.040964790E0
1.101563967E1,1.602118378E0,4.486320648E0,7.028783569E0,8.491033784E0
1.102564767E1,1.600322113E0,4.416266327E0,6.767576752E0,8.237993337E0
1.103565467E1,1.974693604E0,4.316573639E0,7.199877777E0,8.623831098E0
1.104566267E1,2.375410309E0,4.427492981E0,7.816744995E0,9.292296301E0
1.105567067E1,2.247127075E0,4.505181427E0,8.191415863E0,9.614860042E0
1.106567767E1,1.911075897E0,4.611610107E0,8.547525330E0,9.898451805E0
1.107568567E1,1.595981140E0,4.842729492E0,8.795409851E0,1.016653428E1
1.108569367E1,1.406475220E0,5.021457825E0,8.943901062E0,1.035309507E1
1.109570067E1,1.549877014E0,5.111720123E0,9.184301147E0,1.062465006E1
1.110570867E1,1.687590637E0,5.074148254E0,9.223968658E0,1.066192011E1
1.111571667E1,1.883084106E0,5.028942261E0,9.148675232E0,1.060822909E1
1.112572367E1,2.175126801E0,5.026996307E0,8.986562347E0,1.052426583E1
1.113573167E1,2.334994354E0,5.079686737E0,8.707243195E0,1.034753594E1
1.114573967E1,1.997296600E0,5.168003082E0,8.345445557E0,1.001718080E1
1.115574667E1,1.441801758E0,5.295687561E0,8.014783173E0,9.713899750E0
1.116575467E1,1.113384705E0,5.339396667E0,7.740254059E0,9.468913093E0
1.117576267E1,1.015937347E0,5.264701996E0,7.839647369E0,9.497856952E0
1.118576967E1,9.357041931E-1,5.200036469E0,8.055947571E0,9.634013332E0
1.119577767E1,8.641529846E-1,5.147196350E0,8.031099243E0,9.578044983E0
1.120578567E1,1.076860657E0,5.131778412E0,7.991731110E0,9.558375629E0
1.121579267E1,1.424737244E0,5.128784637E0,8.043673096E0,9.645464475E0
1.122580067E1,1.723216553E0,5.132377167E0,8.004155273E0,9.663191621E0
1.123580867E1,1.759740601E0,5.179978180E0,7.965834961E0,9.663508035E0
1.124581567E1,1.619781647E0,5.256768494E0,7.993527374E0,9.703287456E0
1.125582367E1,1.456321564E0,5.336103516E0,8.066725159E0,9.780947194E0
1.126583167E1,1.262324982E0,5.366490326E0,8.071215820E0,9.774313664E0
1.127583867E1,1.019230499E0,5.355263672E0,7.966284027E0,9.652945717E0
1.128584667E1,9.142987061E-1,5.374274139E0,7.939789124E0,9.631148217E0
1.129585467E1,9.336085510E-1,5.375771027E0,7.946974182E0,9.639758177E0
1.130586167E1,1.123114471E0,5.360353088E0,7.945926361E0,9.650519006E0
1.131586967E1,1.471290436E0,5.419480133E0,7.986192627E0,9.762926464E0
1.132587767E1,1.824406128E0,5.486540680E0,8.018824768E0,9.885956555E0
1.133588467E1,1.867965546E0,5.474565582E0,8.150850220E0,9.994824806E0
1.134589267E1,1.697619781E0,5.436394958E0,8.422984314E0,1.016774153E1
1.135590067E1,1.495390320E0,5.452561340E0,8.615184631E0,1.030475733E1
1.136590767E1,1.221759338E0,5.415737915E0,8.215515747E0,9.915523790E0
1.137591567E1,9.800120544E-1,5.452112274E0,7.821385345E0,9.584363338E0
1.138592367E1,8.695417786E-1,5.549859009E0,7.667355652E0,9.505018707E0
1.139593067E1,8.150550842E-1,5.474116516E0,7.783065033E0,9.550202497E0
1.140593867E1,8.750802612E-1,5.410648499E0,7.937394104E0,9.645885537E0
1.141594667E1,1.178499298E0,5.569168854E0,7.972421265E0,9.796121842E0
1.142595367E1,1.645378418E0,5.618266754E0,7.960595856E0,9.881461321E0
1.143596167E1,1.838027802E0,5.553601227E0,7.995323639E0,9.906867965E0
1.144596967E1,1.823058929E0,5.586981812E0,8.130193176E0,1.003184682E1
1.145597667E1,1.633553009E0,5.654641113E0,8.302784271E0,1.017741068E1
1.146598467E1,1.372196503E0,5.647156677E0,8.316405945E0,1.014573357E1
1.147599267E1,1.327738953E0,5.577551422E0,8.297844543E0,1.008594045E1
1.148599967E1,1.436862030E0,5.535488892E0,8.285869446E0,1.006786185E1
1.149600767E1,1.378333740E0,5.472020874E0,7.925718384E0,9.729328252E0
1.150601567E1,1.338666229E0,5.471422119E0,7.712262268E0,9.550260550E0
1.151602267E1,1.348096619E0,5.541476440E0,7.600444794E0,9.502214831E0
1.152603067E1,1.259630585E0,5.574857025E0,7.500303040E0,9.429753218E0
1.153603867E1,1.067130890E0,5.662873993E0,7.432943115E0,9.405081262E0
1.154604567E1,9.234297180E-1,5.771847382E0,7.476951599E0,9.490613777E0
1.155605367E1,9.568103027E-1,5.836812286E0,7.586972809E0,9.620084200E0
1.156606167E1,1.019380188E0,5.857319641E0,7.543563080E0,9.604825521E0
1.157606867E1,1.039139099E0,5.927673340E0,7.433990936E0,9.564587944E0
1.158607667E1,9.945318604E-1,6.014941864E0,7.355254669E0,9.553449141E0
1.159608467E1,1.014889526E0,6.077511749E0,7.495213623E0,9.702802537E0
1.160609167E1,9.346563721E-1,6.141129456E0,7.581434326E0,9.801285628E0
1.161609967E1,7.264393616E-1,6.188281403E0,7.498806152E0,9.749596636E0
1.162610767E1,6.144721985E-1,6.254144440E0,7.488327942E0,9.775835213E0
1.163611467E1,5.381309509E-1,6.300398254E0,7.434290314E0,9.759778458E0
1.164612267E1,4.270619202E-1,6.334227905E0,7.358996887E0,9.719035972E0
1.165613067E1,3.661386108E-1,6.316414948E0,7.440128174E0,9.766609571E0
1.166613767E1,3.769161987E-1,6.320606232E0,7.403903503E0,9.742172039E0
1.167614567E1,4.297563171E-1,6.302044830E0,7.170838165E0,9.556222032E0
1.168615367E1,5.688171387E-1,6.324498138E0,7.171137543E0,9.578519891E0
1.169616067E1,6.273454285E-1,6.351292419E0,7.454647980E0,9.813473095E0
1.170616867E1,7.595205688E-1,6.382577362E0,7.962691498E0,1.023321167E1
1.171617667E1,8.277786255E-1,6.327940979E0,8.340505829E0,1.050200419E1
1.172618367E1,9.171427917E-1,6.345304871E0,8.153694305E0,1.037240452E1
1.173619167E1,1.143023071E0,6.357429657E0,7.864046631E0,1.017676977E1
1.174619967E1,1.345402222E0,6.271807709E0,7.620353394E0,9.960696006E0
1.175620667E1,1.494192810E0,6.142177277E0,7.147187347E0,9.541553376E0
1.176621467E1,1.431473236E0,6.005511475E0,7.004234619E0,9.336733171E0
1.177622267E1,1.194965057E0,5.962251434E0,7.221732330E0,9.440858092E0
1.178622967E1,1.022972717E0,6.092630310E0,7.356302490E0,9.606341843E0
1.179623767E1,8.518785095E-1,6.181545410E0,7.309898987E0,9.611026160E0
1.180624567E1,7.927514648E-1,6.237678680E0,7.357799377E0,9.678548542E0
1.181625267E1,7.379653931E-1,6.269263000E0,7.326514435E0,9.670887511E0
1.182626067E1,8.041278076E-1,6.291416931E0,7.267237701E0,9.645791432E0
1.183626767E1,1.017883301E0,6.338269501E0,7.234006805E0,9.671639010E0
1.184627567E1,1.161584473E0,6.355034637E0,7.119045868E0,9.613353099E0
1.185628367E1,1.213825836E0,6.379882965E0,7.089407501E0,9.614363137E0
1.186629167E1,1.227148132E0,6.440057831E0,7.263495483E0,9.784610572E0
1.187629867E1,1.115031281E0,6.466403046E0,7.429649963E0,9.912485142E0
1.188630667E1,9.211843872E-1,6.484665070E0,7.421417084E0,9.898327802E0
1.189631375E1,7.815248108E-1,6.499484253E0,7.469167786E0,9.931895287E0
1.190632175E1,6.412664795E-1,6.552773438E0,7.472610626E0,9.959416248E0
1.191632975E1,4.980143738E-1,6.574777679E0,7.372768250E0,9.891078380E0
1.192633675E1,4.052073669E-1,6.625821533E0,7.301815796E0,9.868242899E0
1.193634475E1,3.547622681E-1,6.709347839E0,7.159910889E0,9.818631709E0
1.194635275E1,3.411405945E-1,6.777007141E0,7.104376373E0,9.824274342E0
1.195635975E1,3.788621521E-1,6.829398193E0,7.093299408E0,9.853888202E0
1.196636775E1,4.158352661E-1,6.856192474E0,7.002138977E0,9.808682096E0
1.197637575E1,4.525090027E-1,6.898105316E0,6.906338196E0,9.771700396E0
1.198638275E1,4.147874451E-1,6.882388000E0,6.857240295E0,9.724251009E0
1.199639075E1,3.285667419E-1,6.904691620E0,6.783743134E0,9.685137757E0
1.200639875E1,2.592608643E-1,6.946305084E0,6.609505463E0,9.591868065E0
1.201640575E1,1.956431580E-1,6.959627380E0,6.483168182E0,9.513472510E0
1.202641375E1,1.212478638E-1,6.978937225E0,6.406677246E0,9.474480417E0
1.203642175E1,1.020877075E-1,7.028783569E0,6.524033203E0,9.590475984E0
1.204642875E1,9.101074219E-2,7.062613220E0,6.628515930E0,9.686382807E0
1.205643675E1,6.990463257E-2,7.052434387E0,6.588249664E0,9.651256451E0
1.206644475E1,1.490899658E-1,7.079078979E0,6.549330597E0,9.645170723E0
1.207645175E1,2.698887634E-1,7.084617462E0,6.478827209E0,9.604157774E0
1.208645975E1,3.606001282E-1,7.081174622E0,6.408623199E0,9.557380278E0
1.209646775E1,3.990701294E-1,7.015161896E0,6.486611023E0,9.562838279E0
1.210647475E1,3.986210632E-1,6.984176331E0,6.606661377E0,9.622140735E0
1.211648275E1,3.592529297E-1,6.963219910E0,6.684050446E0,9.658779661E0
1.212649075E1,3.257226562E-1,6.959627380E0,6.637347565E0,9.622727847E0
1.213649775E1,2.222877502E-1,6.989714813E0,6.561305695E0,9.589382537E0
1.214650575E1,1.978884888E-1,7.050039368E0,6.632258148E0,9.681377127E0
1.215651375E1,1.724414062E-1,7.081773376E0,6.648424530E0,9.715081005E0
1.216652075E1,1.257385254E-1,7.083569641E0,6.583609314E0,9.671436327E0
1.217652875E1,9.056167603E-2,7.095395050E0,6.578819275E0,9.676450557E0
1.218653675E1,6.571334839E-2,7.093598785E0,6.569239197E0,9.668421050E0
1.219654375E1,7.185058594E-3,7.088060303E0,6.567742310E0,9.663120072E0
1.220655175E1,-3.817062378E-2,7.099736023E0,6.627168732E0,9.712212621E0
1.221655975E1,-1.305285645E-1,7.121141510E0,6.598578186E0,9.709218722E0
1.222656675E1,-1.736389160E-1,7.145091705E0,6.614145813E0,9.738039371E0
1.223657475E1,-2.341131592E-1,7.175927582E0,6.553671570E0,9.721077959E0
1.224658275E1,-2.824626160E-1,7.194938049E0,6.552923126E0,9.735898529E0
1.225658975E1,-3.029699707E-1,7.185807037E0,6.612798615E0,9.770195448E0
1.226659775E1,-3.020718384E-1,7.179520111E0,6.570137329E0,9.736706884E0
1.227660475E1,-2.516267395E-1,7.189399567E0,6.577172699E0,9.747306441E0
1.228661275E1,-2.374063110E-1,7.256011047E0,6.661597137E0,9.853067263E0
1.229662075E1,-2.177970886E-1,7.245532837E0,6.590944061E0,9.797230490E0
1.230662775E1,-1.646575928E-1,7.225025482E0,6.542594604E0,9.748520375E0
1.231663575E1,-2.082170105E-1,7.212601318E0,6.470893707E0,9.692132762E0
1.232664375E1,-3.185375977E-1,7.176376648E0,6.524781647E0,9.704361057E0
1.233665075E1,-3.737727356E-1,7.162156219E0,6.611301727E0,9.754255394E0
1.234665875E1,-3.728746033E-1,7.165898438E0,6.629863129E0,9.769555824E0
1.235666675E1,-2.980302429E-1,7.170838165E0,6.659052429E0,9.790440300E0
1.236667375E1,-3.836521912E-1,7.247329102E0,5.748346252E0,9.258210019E0
1.237668175E1,-4.769082642E-1,7.336543579E0,5.857768707E0,9.400306772E0
1.238668975E1,-1.014889526E-1,7.071893921E0,6.605014801E0,9.677200223E0
1.239669675E1,-1.091230774E-1,6.909481659E0,6.853049011E0,9.732272365E0
1.240670475E1,-4.387376404E-1,7.068301392E0,6.967560883E0,9.934801454E0
1.241671275E1,-5.054988098E-1,7.285050659E0,6.812633057E0,9.986964570E0
1.242671975E1,-5.251080322E-1,7.278763733E0,6.628515930E0,9.858669452E0